000001,0.0,0.0,0.0,0.0,0.0,0.0,0.0,0.0,0.0,0.0,0.0,1.0,0.0,0.0,1.0,0.0,0.0,0.0,0.0,0.0,1.215913,0.84597445,2.7580285,3.7507732,0.8685839,4.0090656,0.9952436,-1.306075,4.0305357,3.3844845,3.5085588,-1.5010593,1.0339339,1.0528419,1.2873142,-0.5953376,0.06278837,3.0278897,-4.076412,1.7901381
000029,0.0,0.0,0.0,0.0,0.0,0.0,0.0,0.0,0.0,0.0,0.0,1.0,0.0,0.0,0.0,0.0,0.0,0.0,0.0,0.0,1.0135391,0.6255619,1.6260874,2.0501406,0.79863375,2.2686667,0.8889311,-0.061818466,2.039923,2.0782971,2.2754304,-0.46791962,1.0689231,0.57758063,0.7875395,0.100648746,0.011873722,2.136105,-2.8540192,1.1848624
000067,1.0,0.0,0.0,0.0,0.0,0.0,0.0,0.0,0.0,0.0,0.0,0.0,0.0,0.0,0.0,0.0,0.0,0.0,0.0,0.0,0.84847265,1.1156826,1.1453093,1.7478101,-0.07451275,2.3526585,0.6514823,0.25190732,1.2093818,3.1463249,2.2955105,-0.50084424,1.3134782,0.6031054,1.07809,0.02590987,0.51005745,1.5738902,-2.7507873,1.6838491
000090,0.0,0.0,0.0,0.0,0.0,0.0,0.0,0.0,1.0,0.0,0.0,0.0,0.0,0.0,1.0,0.0,0.0,0.0,0.0,0.0,0.5260724,-1.3426238,-0.049244627,1.3050835,-0.19365263,0.64329803,0.6097339,-1.8760041,1.8464302,-2.6961935,2.3913362,-1.1263167,-0.6346359,0.25910413,-0.54373014,0.26839292,-2.3300467,1.3754323,-3.0109596,0.7831313
000124,0.0,0.0,0.0,0.0,0.0,0.0,0.0,0.0,1.0,0.0,0.0,0.0,0.0,0.0,1.0,1.0,0.0,0.0,0.0,0.0,1.2654029,-1.2529283,2.561392,2.537558,1.0489283,1.7283375,0.3204741,2.2075005,1.6005793,4.092294,2.6383326,-0.41230762,1.6872686,-0.028658256,1.2675705,1.3222517,-0.2353056,0.8874501,-3.2183912,1.6814013
000160,0.0,0.0,0.0,0.0,0.0,0.0,0.0,0.0,0.0,0.0,0.0,0.0,0.0,0.0,0.0,0.0,0.0,1.0,0.0,0.0,0.17537898,-0.3443225,0.4421978,1.5848761,0.18099818,0.64676166,0.34458262,2.164732,1.012337,1.6663072,1.2261349,0.034472972,0.3128499,0.13950098,0.0065364838,0.8864345,-1.6367497,0.9684093,-2.8563728,0.79275566
000195,0.0,0.0,0.0,0.0,0.0,1.0,0.0,0.0,0.0,0.0,0.0,0.0,0.0,0.0,0.0,0.0,0.0,0.0,0.0,0.0,1.4831059,1.4885714,2.1344724,2.9083548,0.6847584,2.777049,0.914247,0.30399317,2.3575552,2.3538575,2.6475258,-0.69199216,0.9676957,0.6865401,1.1006091,-0.06705628,0.82683337,2.325351,-2.6861603,2.0391989
000230,0.0,1.0,0.0,0.0,0.0,0.0,0.0,0.0,0.0,0.0,0.0,0.0,0.0,0.0,1.0,0.0,0.0,0.0,0.0,0.0,1.5684917,0.34319162,1.2613114,1.9005585,1.4249393,2.477612,1.1212447,0.49034593,2.5539405,1.0299001,3.6269426,-0.9438662,1.3344355,0.4897175,1.0537347,-0.011599898,-0.7437756,2.5902522,-3.6716242,2.0976636
000261,0.0,1.0,0.0,0.0,0.0,0.0,0.0,0.0,0.0,0.0,0.0,0.0,0.0,0.0,0.0,0.0,0.0,0.0,0.0,0.0,0.5790346,-0.394511,0.7067032,1.2904323,0.7629697,1.0566643,0.57466656,0.40625602,0.86356777,2.051336,2.0498106,-0.65358514,0.6631406,0.09955922,0.31429547,0.57891154,-0.69624674,1.0749702,-2.1623306,0.83336747
000290,0.0,0.0,0.0,0.0,0.0,0.0,0.0,0.0,0.0,0.0,0.0,1.0,0.0,0.0,0.0,0.0,0.0,0.0,0.0,0.0,-0.35059536,-0.18984246,0.33231038,1.4729786,0.08852336,1.1061859,1.4446234,-1.3843418,0.90991473,0.7849499,1.3684287,-0.61649746,-0.16024514,0.1455555,0.5995234,-0.68476737,-1.2242975,1.745285,-2.765924,0.678717
000324,0.0,0.0,0.0,0.0,0.0,0.0,0.0,0.0,0.0,0.0,0.0,1.0,0.0,0.0,0.0,0.0,0.0,0.0,0.0,0.0,0.49866402,1.2085575,2.146795,2.5601895,1.014541,2.858417,0.6212378,0.2488432,2.3999631,2.5644531,2.1243966,-0.6956761,1.5735123,0.6035367,0.82118154,0.15291247,1.2034276,2.0977979,-2.6411636,1.5992728
000357,0.0,0.0,1.0,0.0,0.0,0.0,0.0,0.0,0.0,0.0,0.0,0.0,0.0,0.0,0.0,0.0,0.0,0.0,0.0,0.0,-0.38518047,-0.209777,1.623739,0.8600968,0.3828407,0.69997424,0.7109125,-0.11986726,1.0081271,3.5656586,0.8460544,-0.44716826,-0.14908585,0.61990666,-0.5001424,0.5316322,0.28592187,1.4315403,-3.1008766,0.6025015
000384,0.0,0.0,0.0,0.0,0.0,0.0,0.0,0.0,0.0,0.0,0.0,0.0,0.0,0.0,0.0,0.0,0.0,1.0,0.0,0.0,1.0749943,0.4623135,1.2033964,1.5617092,1.1613744,1.8292384,0.6246534,1.2672515,1.7829545,2.8839123,2.1176388,-0.31281,1.2971039,0.5567312,0.8403622,0.36567056,0.1797536,1.7335707,-2.9090848,1.2048012
000412,0.0,0.0,0.0,0.0,0.0,0.0,0.0,0.0,0.0,0.0,0.0,0.0,1.0,0.0,0.0,0.0,0.0,0.0,0.0,0.0,0.44883454,-0.5093022,0.9273144,1.0631721,-0.033964403,0.8916779,1.0408074,-0.2472743,0.8201442,0.43311647,1.3271135,-0.3549091,0.33286935,0.15466301,0.14506888,0.4062858,-0.32004714,0.9210604,-2.5333889,0.4948057
000441,0.0,0.0,0.0,0.0,0.0,0.0,0.0,0.0,0.0,0.0,0.0,0.0,0.0,0.0,0.0,0.0,0.0,0.0,1.0,0.0,1.8357832,0.76948386,1.9579825,2.6069736,0.032100946,2.4888284,0.5476201,-0.5812546,2.3110235,1.5899496,3.5517197,-0.8714926,0.8626201,0.6981517,1.0980103,0.15681499,0.558346,2.0831332,-3.2318745,2.1405087
000471,0.0,0.0,0.0,0.0,0.0,0.0,1.0,0.0,0.0,0.0,0.0,0.0,0.0,0.0,0.0,0.0,0.0,0.0,0.0,0.0,-1.983165,-1.619928,0.71309423,-1.0305201,-0.4578892,-1.6535926,-0.23725766,0.80283755,-0.9915643,4.243808,0.78001773,0.40696543,-0.23710665,-0.65228176,0.14279097,0.90507793,-0.014964342,-1.364271,-2.4001565,-1.3054914
000505,0.0,0.0,0.0,0.0,0.0,0.0,1.0,0.0,0.0,0.0,0.0,0.0,0.0,0.0,0.0,0.0,0.0,0.0,0.0,0.0,-0.28702107,-0.4900583,0.39932653,0.15148035,0.0049227774,-0.43766603,0.1876052,0.08241391,-0.0904949,1.522209,1.1721388,-0.051912703,0.037995413,-0.24978773,0.12655134,-0.18008532,-0.34760582,-0.053507507,-1.4050317,0.06971885
000542,0.0,0.0,0.0,0.0,0.0,0.0,0.0,1.0,0.0,0.0,0.0,0.0,0.0,0.0,0.0,0.0,0.0,0.0,0.0,0.0,-0.92092645,-1.7084107,-1.2373762,-1.3655788,-0.44423652,-1.7608535,-0.22965296,-0.531467,-0.77501994,-3.2328508,-0.12076715,-0.26052994,-0.57573754,-0.049880452,-1.0914222,0.6505125,-2.0398026,-0.57944673,-1.7985727,-1.1901683
000570,0.0,0.0,0.0,0.0,0.0,0.0,0.0,0.0,0.0,0.0,0.0,0.0,0.0,1.0,1.0,0.0,0.0,0.0,0.0,0.0,0.41465703,-0.027183294,1.5159984,1.8067253,0.18243328,1.7125585,0.8249711,0.8860986,1.567005,2.3039293,2.528736,-0.39204234,1.0222468,-0.16551423,0.6777133,0.13333786,-0.030047476,0.85008186,-2.545413,1.2768526
000596,0.0,0.0,0.0,0.0,0.0,0.0,0.0,0.0,0.0,0.0,0.0,0.0,0.0,0.0,0.0,0.0,1.0,0.0,0.0,0.0,1.7561483,1.4482874,2.9224727,2.8279812,1.0875294,3.7174137,1.3430845,0.8539747,2.8796804,4.915334,2.9849455,-0.64039195,1.7717932,0.8734494,1.8081497,0.5404935,0.7803115,2.8547053,-3.3467152,2.0787203
000627,0.0,0.0,0.0,0.0,0.0,0.0,0.0,0.0,0.0,0.0,0.0,0.0,0.0,0.0,0.0,0.0,1.0,0.0,0.0,0.0,0.7785806,0.30623204,1.2964994,2.0736043,0.81949806,2.3243606,1.1868432,0.14061207,1.846766,1.6268568,2.3426716,-0.5255435,0.6601005,0.41338366,0.87042767,0.5231614,-0.7386339,2.1136472,-2.7094963,1.1867185
000651,0.0,0.0,0.0,0.0,0.0,0.0,0.0,1.0,0.0,0.0,0.0,0.0,0.0,0.0,0.0,0.0,0.0,0.0,0.0,0.0,0.36844832,-0.2361448,0.7310315,1.0138335,0.095018625,0.96504617,0.23612323,0.21634221,1.3417782,0.70738554,1.9917972,-0.65107775,0.18305333,0.09867693,0.3938114,0.30510998,-1.0917549,1.6787124,-2.604591,0.10454236
000681,0.0,0.0,1.0,0.0,0.0,0.0,0.0,0.0,0.0,0.0,0.0,0.0,0.0,0.0,0.0,0.0,0.0,0.0,0.0,0.0,1.4059345,0.4102372,1.1931036,1.1212593,0.3745864,1.2566589,1.1005616,-1.2972465,1.3583081,-0.78679395,2.0864182,-0.523954,0.3345187,0.3460269,-0.045271218,0.35581335,-1.4044964,1.5837604,-3.0931847,1.2281411
000718,0.0,1.0,0.0,0.0,0.0,0.0,0.0,0.0,0.0,0.0,0.0,1.0,0.0,0.0,0.0,0.0,0.0,0.0,0.0,0.0,0.7594787,0.58669746,1.0073162,0.6502402,0.73662317,1.3733293,0.6859067,0.7330603,1.8640667,1.8335401,2.070919,-0.3124347,0.6438289,0.28632736,0.012206852,0.40682346,-0.5067811,2.245651,-1.4295787,-0.10225688
000745,0.0,0.0,0.0,0.0,0.0,0.0,0.0,0.0,1.0,0.0,1.0,0.0,0.0,0.0,0.0,0.0,0.0,0.0,0.0,0.0,-0.10706326,0.46025032,0.75634456,0.83825004,0.7069504,0.5118853,0.9726903,0.8583883,1.474616,1.353125,1.7033727,-0.39489585,-0.141714,0.42225993,0.47246885,-0.5418149,0.038954496,1.6528219,-2.636258,0.55799186
000783,0.0,0.0,0.0,0.0,0.0,0.0,0.0,0.0,0.0,0.0,0.0,0.0,1.0,0.0,1.0,0.0,0.0,0.0,0.0,0.0,0.08091617,-1.0925236,0.74390906,0.42556065,0.7854807,0.4312374,0.7004594,-0.1488479,0.7425109,0.6803281,1.5024492,-0.30337688,-0.4985786,-0.118447796,0.06982811,0.6604157,-0.9792332,0.78949046,-3.7366357,0.44616324
000819,0.0,1.0,0.0,0.0,0.0,0.0,0.0,0.0,0.0,0.0,0.0,0.0,0.0,0.0,1.0,0.0,0.0,0.0,0.0,0.0,1.1370173,-0.061496615,1.1761096,2.4763336,1.201693,2.0401044,0.77298754,-0.5013583,1.8347921,0.0752659,3.0925648,-1.2136942,1.1137981,0.53559035,0.85220236,0.38640887,-0.89503515,2.3095398,-3.0453725,0.7184116
000856,0.0,0.0,0.0,0.0,0.0,0.0,0.0,0.0,1.0,0.0,1.0,0.0,0.0,0.0,1.0,0.0,0.0,0.0,0.0,0.0,-0.3627972,-0.29252952,0.51641315,2.229899,0.90957016,2.1596653,0.83719134,-1.2512163,2.1826468,0.904922,3.164974,-1.6995275,0.91989946,0.40798265,-0.10666764,0.10859349,-1.6919547,2.4318016,-4.156058,1.7548325
000893,0.0,0.0,0.0,0.0,1.0,0.0,0.0,0.0,0.0,0.0,0.0,0.0,0.0,0.0,0.0,0.0,0.0,0.0,0.0,0.0,-1.5015806,-1.6933243,-0.5307691,-1.9692985,-0.0006787777,-1.809147,0.42335886,-0.095211774,-0.80558705,-2.7249427,-0.10471976,-0.11511994,-1.1224563,-0.2548926,-1.0392283,1.2759237,-1.6037838,-0.77163315,-2.4359436,-0.6269276
000930,0.0,1.0,0.0,0.0,0.0,0.0,0.0,0.0,0.0,0.0,0.0,0.0,0.0,0.0,1.0,0.0,0.0,0.0,0.0,0.0,1.7199962,0.16957599,1.4383812,2.6675222,0.9451663,3.0422742,1.0629013,0.10131949,2.4690766,1.9783701,3.2419195,-1.2734998,1.2968858,0.30737138,0.94239295,0.15249193,-0.13419366,2.6465669,-2.7800138,1.760357
000960,0.0,0.0,1.0,0.0,0.0,0.0,0.0,0.0,0.0,0.0,0.0,0.0,0.0,0.0,0.0,0.0,0.0,0.0,0.0,0.0,-0.16112185,-0.5655136,0.071688056,0.3113168,-0.22861776,-0.07142973,0.26446736,0.16124839,0.4099498,-0.92814636,0.6742896,-0.22958234,0.25652668,0.09788038,0.0024791956,-0.07488358,-1.2426627,0.2156328,-1.7770861,-0.262044
000988,0.0,0.0,0.0,0.0,0.0,0.0,0.0,0.0,0.0,0.0,0.0,0.0,0.0,0.0,1.0,0.0,0.0,0.0,0.0,0.0,-1.0360364,-1.8960631,0.87893474,0.3944012,-0.06624636,-0.22252464,0.33824065,0.45611113,0.73131263,-0.14629078,0.86763823,-0.46969453,-0.36732173,-0.16421029,-0.31035727,0.5781182,-1.1593789,0.37806833,-2.8532362,-0.050718904
001022,0.0,0.0,0.0,0.0,0.0,0.0,1.0,0.0,0.0,0.0,0.0,0.0,0.0,0.0,0.0,0.0,0.0,0.0,0.0,0.0,-1.6959611,-1.7073746,0.12039299,-0.5550206,-0.6022037,-1.2094193,0.07322975,1.0272329,-0.41744137,2.0421991,0.76913697,0.12565158,0.08192551,-0.39408395,-0.39785743,0.45141435,-0.90692806,-0.63184595,-2.1986842,-1.088457
001046,1.0,0.0,0.0,0.0,0.0,0.0,0.0,0.0,0.0,0.0,0.0,0.0,0.0,0.0,0.0,0.0,0.0,0.0,0.0,0.0,0.8193046,0.3897768,0.8765802,1.0618219,-0.25819322,1.3059411,0.55962086,0.34422898,1.0740877,1.4177054,1.8430891,-0.4665592,0.7751976,0.4793816,0.3200887,-0.087643325,0.17354843,1.0440195,-2.7274554,0.81642735
001081,0.0,0.0,0.0,0.0,0.0,0.0,0.0,0.0,1.0,0.0,0.0,0.0,0.0,0.0,0.0,0.0,0.0,0.0,0.0,1.0,-0.86844444,-2.0668106,-0.42228442,-0.696606,0.7435529,-1.1147412,0.6801055,0.42036423,-0.65316343,1.2972991,0.02995935,-0.72093296,-2.3148184,-0.51747894,-0.59106725,1.2533199,-2.1195395,-1.197696,-2.7410166,-1.2880325
001111,0.0,0.0,0.0,0.0,0.0,0.0,1.0,0.0,0.0,0.0,0.0,0.0,0.0,0.0,0.0,0.0,0.0,0.0,0.0,0.0,2.1245575,0.9884722,1.9408541,3.717779,0.23137876,3.191141,0.7723007,1.6475039,3.43635,0.5945464,3.8772428,-0.33864635,1.6228422,0.74299204,1.5602661,-1.4270713,1.0435538,2.6171143,-5.159381,2.5817027
001138,0.0,0.0,0.0,0.0,0.0,0.0,0.0,0.0,1.0,0.0,0.0,0.0,0.0,0.0,0.0,0.0,0.0,0.0,0.0,1.0,-1.0300354,-2.26265,-1.013484,-1.2211813,0.055184737,-2.2063594,0.03915023,0.91977394,-0.79148716,1.7848439,-0.13432378,-0.013565332,-1.1743057,-0.21905182,-0.6703511,0.6188605,-2.0477724,-1.0162402,-2.080603,-1.6539007
001178,0.0,0.0,0.0,0.0,0.0,0.0,0.0,0.0,0.0,0.0,0.0,0.0,0.0,0.0,0.0,0.0,0.0,0.0,1.0,0.0,1.0487658,1.3267968,0.7512425,1.0623729,0.35741502,0.75575954,0.7862975,-0.032810435,1.1111758,-1.3067329,1.801266,-0.3861651,0.27709895,0.4364281,0.33971545,0.10624421,-0.4616217,1.5847054,-2.4973013,0.4464577
001213,0.0,1.0,0.0,0.0,0.0,0.0,0.0,0.0,0.0,0.0,0.0,0.0,0.0,0.0,0.0,0.0,0.0,0.0,0.0,0.0,1.8572342,-0.08376324,2.0841882,3.9814613,0.11883283,3.0475059,1.3424486,-1.4566555,3.6823199,-3.079286,4.700918,-1.0559922,0.6719574,0.28881857,2.3932953,-1.5270164,-2.2875972,3.6456187,-5.2453423,1.9224534
001245,0.0,0.0,0.0,0.0,0.0,0.0,0.0,0.0,0.0,0.0,0.0,0.0,1.0,0.0,1.0,0.0,0.0,0.0,0.0,0.0,-0.83288527,-1.433472,-0.62518245,-0.5346681,0.66603905,-1.01988,0.45977965,-0.09124212,0.45105663,-1.5382632,1.2282186,-0.014629424,-0.76273835,-0.32658923,-0.32755288,0.66509825,-1.0793267,0.6729701,-3.0024264,0.11175054
001278,0.0,0.0,0.0,0.0,0.0,0.0,0.0,0.0,0.0,0.0,0.0,0.0,0.0,0.0,0.0,0.0,0.0,0.0,1.0,0.0,0.8187864,0.9882862,1.548168,1.6345603,0.86479235,1.4369429,0.54836893,0.43185174,1.8422232,0.17028165,3.0767405,-0.43831387,0.84377134,0.7678655,0.90391564,0.45635462,0.53089815,2.0680566,-3.8215842,1.7375171
001308,0.0,0.0,0.0,0.0,0.0,0.0,1.0,0.0,0.0,0.0,0.0,0.0,0.0,0.0,0.0,0.0,0.0,0.0,0.0,0.0,-0.7176211,-1.077747,2.1029522,1.1523497,0.33475113,0.3526311,0.62244636,1.5582113,1.8225616,3.190968,2.3815558,-0.03061385,-0.46558836,0.057350963,0.99897903,0.67446023,-0.62003934,0.6510155,-5.0639467,0.98910785
001342,0.0,0.0,0.0,1.0,0.0,0.0,0.0,0.0,0.0,0.0,0.0,0.0,0.0,0.0,1.0,0.0,0.0,0.0,0.0,0.0,1.8390963,0.7538985,0.42769146,2.2308178,0.33438605,2.1950543,1.040473,-0.58935237,2.1898127,2.3283885,2.8751378,-0.7569343,1.6084557,0.5539173,0.35624892,-0.1719875,0.523083,2.2626014,-3.1743941,1.4100174
001369,0.0,0.0,0.0,0.0,0.0,0.0,1.0,0.0,0.0,0.0,0.0,0.0,0.0,0.0,0.0,0.0,0.0,0.0,0.0,0.0,-0.7956801,-0.9883504,0.47323802,-0.072942555,-0.16430676,-0.7291467,0.22814862,0.6221695,-0.20792973,1.712883,0.75549376,-0.080899425,0.20572212,-0.17139478,-0.109374225,0.4282129,-0.7201965,-0.4447551,-1.6368523,-0.94179255
001398,0.0,0.0,0.0,0.0,0.0,0.0,0.0,0.0,0.0,0.0,0.0,0.0,1.0,0.0,0.0,0.0,0.0,0.0,0.0,0.0,0.69283915,-0.2868529,1.6635469,1.9083399,0.5454966,1.859636,0.72324914,0.63446105,1.782091,1.4958555,2.331956,-0.61484617,0.63048214,0.4084843,0.6276577,0.14621902,0.2810087,1.739097,-2.7948105,1.4881153
001428,0.0,0.0,0.0,0.0,0.0,0.0,1.0,1.0,0.0,0.0,0.0,0.0,0.0,0.0,0.0,0.0,0.0,0.0,0.0,0.0,-0.8515866,-1.3910818,-1.1201285,-0.1844612,0.06881884,-0.6415956,0.33930302,-0.8201878,0.4969043,-3.4254797,1.2992903,-0.71167946,-0.217441,-0.11179203,-0.4485016,0.69714314,-2.6638007,0.60584545,-2.5746422,-0.35367012
001459,0.0,0.0,0.0,0.0,0.0,0.0,0.0,0.0,0.0,0.0,0.0,0.0,0.0,0.0,1.0,0.0,0.0,0.0,0.0,1.0,0.61006427,0.5673235,0.79454213,1.2679725,0.09706923,1.0373211,1.2126096,-1.1778802,1.611547,0.8497975,1.9040132,-1.1178269,0.13533229,0.79074657,-0.400352,-0.6106585,-0.69969386,1.4346449,-3.4463115,0.08218062
001500,0.0,0.0,0.0,0.0,0.0,0.0,0.0,0.0,0.0,0.0,0.0,0.0,0.0,0.0,0.0,0.0,0.0,0.0,0.0,1.0,0.12344605,-2.456709,0.7162237,-0.29496092,0.89710456,-1.0636275,0.108203895,2.3450391,0.28488562,3.552534,0.7389456,-0.16362649,-0.14407563,-0.48228827,-0.61367214,1.9665201,-1.45291,-0.5955087,-3.2283926,-0.47792557
001533,0.0,0.0,0.0,0.0,0.0,0.0,0.0,0.0,0.0,0.0,0.0,0.0,0.0,0.0,1.0,0.0,0.0,0.0,0.0,0.0,1.5214748,1.4579949,2.388763,3.7878146,0.52516437,3.1213655,1.1873238,0.21355128,2.4320357,2.420864,2.8648148,-0.8097058,1.8550143,1.4467008,1.0506356,0.5900987,0.38115817,2.3968945,-4.717234,1.3655473
001566,0.0,0.0,0.0,0.0,0.0,0.0,0.0,0.0,0.0,0.0,0.0,0.0,0.0,0.0,1.0,0.0,0.0,0.0,0.0,0.0,-1.4713763,-2.0034335,-1.4179156,-0.42918527,0.20808285,-1.8203301,1.2451167,-2.1371737,-0.33225322,-4.233713,1.0179871,-1.2369086,-1.2063814,0.012818038,-2.0704596,0.07493225,-4.016049,0.484488,-2.7563567,-2.205541
001591,0.0,0.0,0.0,1.0,0.0,0.0,0.0,0.0,0.0,0.0,0.0,0.0,0.0,0.0,0.0,0.0,0.0,0.0,0.0,0.0,1.4382136,0.9328596,0.8690299,1.4341441,0.50338113,1.4970409,0.94620377,-1.392837,1.6811304,2.2758832,1.8442785,-0.6588172,0.7081373,0.6094737,0.29138345,-0.41793513,1.0623034,1.8501899,-2.0826285,0.59268296
001623,0.0,0.0,0.0,0.0,0.0,0.0,1.0,0.0,0.0,0.0,0.0,0.0,0.0,0.0,0.0,0.0,0.0,0.0,0.0,0.0,-0.10869366,-1.0395827,0.73410404,0.44120842,-0.19083095,0.39045006,0.40366435,0.19391814,0.9760154,2.2442157,2.112779,-0.31195432,0.24915516,0.05255249,0.48599154,0.5142853,0.14505416,0.3438648,-2.4998481,0.20114726
001655,0.0,0.0,0.0,0.0,0.0,0.0,0.0,0.0,0.0,0.0,0.0,1.0,0.0,0.0,0.0,0.0,0.0,0.0,0.0,0.0,-0.69323146,-0.78387284,0.37428254,1.0864134,-0.019361794,0.9877193,0.62009764,-1.6597894,1.4427669,-2.0784879,1.0103123,-0.92524767,-0.77439153,0.10262169,-0.2838258,0.31556287,-1.5327113,1.0540048,-1.9053226,0.24204266
001679,0.0,0.0,0.0,0.0,0.0,0.0,0.0,0.0,0.0,0.0,0.0,0.0,0.0,1.0,0.0,0.0,0.0,0.0,0.0,0.0,0.5415821,0.29168043,1.3390692,0.95501703,0.5130315,0.9270158,0.71762264,1.0540127,1.1667409,1.8558992,1.8703914,-0.35334045,0.5666201,0.1619693,0.2980194,-0.02032879,-0.27728224,0.9817077,-2.6082416,0.5825584
001709,0.0,0.0,0.0,0.0,0.0,0.0,0.0,0.0,0.0,0.0,0.0,0.0,0.0,1.0,1.0,0.0,0.0,0.0,0.0,0.0,0.9667932,-0.09998125,1.2476854,1.7661357,0.12866706,1.75401,1.09559,0.9849714,1.8621664,1.7608078,2.8138218,-0.7393843,1.0275156,0.5072652,0.65827733,0.690912,0.10583663,1.611614,-3.4195404,0.9839982
001744,0.0,0.0,0.0,0.0,0.0,0.0,0.0,0.0,0.0,0.0,0.0,0.0,0.0,1.0,0.0,0.0,0.0,0.0,0.0,0.0,0.3625983,-0.3256608,1.5746864,1.5260711,0.57876253,0.79764277,0.79616976,0.8579761,1.1710799,2.8531215,2.3409948,-0.351475,0.88389874,0.17244434,0.45323077,0.3600332,0.42092988,1.2349131,-3.3566797,0.98046994
001779,0.0,0.0,0.0,0.0,0.0,0.0,0.0,0.0,0.0,0.0,0.0,0.0,0.0,0.0,0.0,1.0,0.0,1.0,0.0,0.0,0.6176965,0.4944556,0.62710994,1.8874475,1.1150883,1.677021,0.75014246,0.85294557,1.738922,1.9557825,1.6576582,-0.41765827,0.18215612,0.34351164,-0.10433495,0.71161497,-0.92499936,1.6730756,-2.7342157,1.5477301
001811,0.0,0.0,0.0,0.0,0.0,0.0,0.0,0.0,1.0,0.0,0.0,0.0,0.0,0.0,0.0,1.0,0.0,1.0,0.0,1.0,0.24695735,-0.0597066,0.9744233,1.1792172,0.90302,0.833642,0.6554183,1.822347,0.5337789,3.4700654,1.145356,-0.7938894,0.13131171,0.18483026,0.18317951,1.6093702,-0.8061762,0.3254046,-3.1332924,0.6458575
001839,0.0,0.0,0.0,0.0,0.0,0.0,0.0,0.0,0.0,0.0,0.0,1.0,0.0,0.0,1.0,0.0,0.0,0.0,0.0,0.0,0.44118184,1.0741076,1.2481456,2.4131377,0.2893182,1.9953744,1.0652207,-1.0188391,2.2159996,0.07695249,2.2132037,-1.1587251,0.42025423,0.9489451,0.4279756,0.1335896,-0.3948284,2.055286,-2.6425083,1.3728657
001871,0.0,0.0,0.0,0.0,0.0,0.0,0.0,0.0,0.0,0.0,0.0,0.0,0.0,0.0,0.0,0.0,0.0,0.0,0.0,1.0,0.60683227,0.9100574,0.23106438,1.0940882,1.219197,0.88058734,0.9865972,0.062438786,1.836208,0.28055042,1.8855603,-1.6313567,-0.5888151,0.74739534,-0.2733642,1.2725174,-1.2967602,1.3844551,-3.5507386,-0.0986709
001900,0.0,0.0,0.0,0.0,0.0,0.0,0.0,0.0,0.0,0.0,0.0,0.0,1.0,0.0,0.0,0.0,0.0,0.0,0.0,0.0,-0.01513315,-1.2574452,0.3455122,0.31103635,-0.0641129,0.069547355,0.6100321,0.22276504,0.54948866,0.41408104,0.9634426,0.032758057,-0.30078152,-0.14568332,-0.41606045,0.44571057,-0.7277656,0.73877335,-2.9385867,-0.38399968
001929,1.0,0.0,0.0,0.0,0.0,0.0,0.0,0.0,0.0,0.0,0.0,0.0,0.0,0.0,0.0,0.0,0.0,0.0,0.0,0.0,0.2476215,-0.047138155,0.48362976,0.24668698,-0.5195008,0.5170987,0.63993835,0.47856075,0.7010434,0.80342686,1.0606507,-0.024915747,0.21590579,0.16327296,0.02805698,1.2974678,-0.4131176,0.67348814,-1.8660914,0.5510068
001966,0.0,0.0,0.0,0.0,0.0,0.0,0.0,1.0,0.0,0.0,0.0,0.0,0.0,0.0,0.0,0.0,0.0,0.0,0.0,0.0,-0.6016437,-1.1040878,-0.8820487,-0.5357555,0.12332982,-1.0187613,0.0033548921,0.26217532,0.60858864,-2.2723708,0.9395648,-0.26142812,-0.88958347,-0.28191432,-0.8752527,-0.047575474,-2.6889565,0.90339005,-2.6790159,-1.3490305
001993,0.0,0.0,0.0,0.0,0.0,0.0,0.0,0.0,0.0,0.0,0.0,0.0,0.0,0.0,1.0,0.0,0.0,1.0,0.0,0.0,0.79981816,-0.36966807,1.2840132,2.016302,0.31575805,1.5710918,0.24546336,-0.25812143,2.0718856,1.8514608,2.5933957,-0.5142636,0.43088832,0.36035925,0.17008132,0.7591351,-0.09466177,1.7497283,-3.9490833,1.6284077
002026,0.0,0.0,0.0,0.0,1.0,0.0,0.0,0.0,0.0,0.0,0.0,0.0,0.0,0.0,1.0,1.0,0.0,1.0,0.0,0.0,-0.24110861,-1.7932209,1.0687838,1.082226,0.865191,0.31931758,0.5085865,-1.1137716,1.7302957,-1.4048221,1.3081925,-0.9091637,-1.1073291,-0.22809458,-0.71353275,0.5176851,-2.707003,0.6077053,-4.1852694,0.72683436
002057,0.0,0.0,0.0,0.0,0.0,0.0,1.0,0.0,0.0,0.0,0.0,0.0,0.0,0.0,0.0,0.0,0.0,0.0,0.0,0.0,-1.3127631,-2.4766421,0.14948612,-0.3438927,0.19537894,-1.5208344,-0.19130273,0.6788442,-0.6190069,1.8632151,0.21771428,0.18066458,-0.48892123,-0.5586538,-0.22419778,1.0033288,-1.722018,-1.1192136,-1.6191986,-1.0449154
002081,0.0,0.0,0.0,0.0,0.0,0.0,0.0,0.0,1.0,0.0,0.0,0.0,0.0,0.0,0.0,0.0,0.0,0.0,0.0,1.0,0.53497964,-0.27232462,0.37384385,0.1171782,0.4300926,0.014470696,0.22897378,1.9143631,0.7154762,1.4636441,1.5524291,-0.24315299,0.15456954,0.02615793,0.25725856,0.3003945,-0.7759176,1.0211339,-3.1571453,0.29292747
002115,0.0,0.0,0.0,0.0,0.0,0.0,0.0,0.0,0.0,1.0,0.0,0.0,0.0,0.0,0.0,0.0,0.0,0.0,0.0,0.0,1.0615919,0.5356475,1.6032276,2.0393095,0.45421964,1.6298606,1.0830115,0.3605144,1.6618493,0.21983972,2.0586724,-0.33458486,1.3550397,0.30012053,0.9532622,-0.061045438,-0.43089432,1.9777575,-2.5740619,0.7169724
002147,0.0,0.0,0.0,0.0,0.0,0.0,0.0,1.0,0.0,0.0,0.0,0.0,0.0,0.0,0.0,0.0,0.0,0.0,0.0,0.0,-0.552779,-0.17321718,0.98718846,-0.06915635,0.12109396,0.84826577,0.88581216,0.8846871,0.9436821,0.42276546,1.5575608,-0.74589777,-0.28748736,0.6327423,-0.20485309,0.15912163,-0.8017956,1.2895861,-3.598343,0.32626206
002185,0.0,0.0,0.0,0.0,0.0,0.0,1.0,0.0,0.0,0.0,0.0,0.0,0.0,1.0,1.0,0.0,0.0,0.0,0.0,0.0,0.24973918,-0.13784331,0.344926,0.61645293,0.6284021,0.48391742,0.76205784,0.9359169,0.70732147,2.1559858,1.9512422,-0.34032822,0.64771104,0.16474004,0.050534487,0.65904194,-0.38956058,0.6937008,-2.5496228,0.6926619
002223,0.0,0.0,0.0,0.0,0.0,1.0,1.0,0.0,0.0,0.0,0.0,0.0,0.0,0.0,1.0,0.0,0.0,0.0,0.0,0.0,1.9153814,1.6751592,2.2769377,3.430167,0.41561908,3.3257098,1.058572,0.6117088,2.5086236,3.025178,3.2225368,-0.9702948,1.9091257,0.94148713,1.0897057,-0.027878135,0.9419019,2.5153499,-3.168514,1.8596203
002252,0.0,0.0,0.0,0.0,0.0,0.0,0.0,0.0,0.0,0.0,0.0,0.0,0.0,0.0,1.0,0.0,0.0,0.0,0.0,1.0,1.0417346,0.41022202,2.9177094,2.56156,1.4277433,2.548634,1.0511473,2.6561553,2.368198,4.625281,3.0577116,-0.51571244,1.3350675,0.9992335,0.92916995,-0.07176536,0.25969315,2.0490174,-4.6163526,1.3010805
002296,0.0,0.0,0.0,0.0,0.0,0.0,0.0,0.0,0.0,0.0,0.0,0.0,0.0,0.0,1.0,0.0,0.0,0.0,0.0,0.0,1.2778347,0.22578695,1.9847763,1.6749281,-0.3225126,1.4377549,0.37925985,1.0297346,1.4283967,1.7957292,2.1835566,-0.64519286,1.4836212,0.59400296,0.95831686,0.54902995,0.16873908,2.171947,-3.8205383,0.830513
002326,0.0,0.0,0.0,0.0,0.0,0.0,0.0,0.0,0.0,1.0,0.0,0.0,0.0,0.0,1.0,0.0,0.0,0.0,0.0,0.0,0.8550352,0.4388885,0.72478086,1.3107339,-0.6025977,0.85211146,1.5663927,-0.38279456,1.7115235,-2.2742755,1.4236423,-0.8841635,-0.047586232,0.9120209,0.31749195,0.5170392,-1.9835489,1.1548637,-2.5058925,0.51660746
002363,0.0,0.0,0.0,0.0,0.0,0.0,0.0,0.0,0.0,0.0,0.0,0.0,0.0,0.0,1.0,0.0,0.0,0.0,0.0,0.0,0.5517554,-0.41028544,0.5207219,1.5499719,-0.32158235,1.1647807,1.0803418,1.683183,1.8732697,-1.1675314,2.3974438,-0.7736363,0.47595075,0.4388864,0.18668994,-0.04530424,-2.623951,1.6938207,-3.3853896,-0.23105296
002399,0.0,0.0,0.0,0.0,0.0,0.0,0.0,0.0,0.0,0.0,0.0,0.0,0.0,0.0,1.0,0.0,0.0,1.0,0.0,0.0,0.07765892,-0.03032133,1.1151125,0.6900939,0.44565418,0.53939545,1.1296219,-0.87358016,2.0457296,-0.59778434,1.7923526,-1.1952189,-0.6194216,0.67473954,-0.46723458,0.60092753,-3.295897,1.3521514,-3.8690944,0.8662665
002430,0.0,0.0,0.0,0.0,0.0,0.0,0.0,1.0,0.0,0.0,0.0,0.0,0.0,0.0,0.0,0.0,0.0,0.0,0.0,1.0,0.08070105,-0.32202888,1.3392918,1.0072734,0.75093883,1.4814699,0.9672253,0.47250867,1.1780255,2.601923,1.1280254,-0.9194304,0.47963303,1.0241921,0.49520802,0.6796979,0.2453512,1.8597636,-3.625428,0.2628178
002469,0.0,0.0,0.0,0.0,0.0,0.0,0.0,0.0,0.0,0.0,0.0,0.0,0.0,0.0,1.0,0.0,0.0,0.0,0.0,1.0,-1.3763022,-0.41148663,0.94951284,1.6145344,0.581274,2.163393,1.3988622,-0.32125682,1.7071742,-3.0337124,2.284303,-1.0521284,1.1496232,0.41491735,0.12127519,-1.44377,-3.4440908,1.3837451,-4.743863,0.22970665
002507,0.0,0.0,0.0,0.0,0.0,0.0,0.0,0.0,0.0,0.0,0.0,0.0,0.0,1.0,0.0,0.0,0.0,0.0,0.0,0.0,-0.9074662,-0.5314602,0.47554225,0.54645354,-0.18784893,-0.0034503639,0.7793434,0.2842523,1.127764,0.53901315,1.5781853,-0.41446808,-0.06749899,0.17706719,-0.052891657,0.5328984,-1.1864594,0.3099223,-3.1340606,0.4455219
002536,0.0,0.0,0.0,0.0,1.0,0.0,0.0,0.0,0.0,0.0,1.0,0.0,0.0,0.0,0.0,0.0,0.0,0.0,0.0,0.0,0.6502812,1.6155277,0.920627,0.8607601,0.66543293,1.253083,1.0209743,0.91509426,1.6926107,2.6244092,2.2060056,-0.39244106,1.3456032,0.5804897,0.8208163,-1.6546806,1.06494,2.4542952,-3.3166344,1.0450418
002574,0.0,0.0,0.0,0.0,0.0,0.0,0.0,0.0,0.0,0.0,0.0,1.0,0.0,0.0,0.0,0.0,0.0,1.0,0.0,0.0,2.0729387,1.6576335,3.3412905,4.322191,0.9228999,4.8462563,1.7318836,0.5132564,3.4225037,5.1848574,4.0217733,-1.2459189,1.9303071,1.098125,1.9908303,-0.50309706,0.1298909,2.3616443,-4.116273,3.1560874
002604,0.0,0.0,0.0,0.0,0.0,0.0,0.0,0.0,1.0,0.0,0.0,0.0,0.0,0.0,1.0,1.0,0.0,0.0,0.0,0.0,0.35237497,-0.014218867,1.4100078,1.4671752,-0.1581727,0.88754547,0.029907972,1.1626816,1.2221606,2.4942696,1.9775937,-0.5733181,0.5306507,0.0899917,0.14404324,-0.5478196,0.019177794,1.5443947,-4.5130596,1.5740016
002630,0.0,0.0,1.0,0.0,0.0,0.0,0.0,0.0,0.0,0.0,0.0,0.0,0.0,0.0,0.0,0.0,0.0,0.0,0.0,0.0,0.96044165,0.6920028,1.4939941,1.077945,0.16514693,1.4589846,0.8835777,-0.51396656,1.7848172,1.6145808,1.6939304,-0.36319,0.8156853,0.7112128,0.003425926,-0.4309711,-0.77028215,1.5282234,-3.0684295,0.53778696
002665,1.0,0.0,0.0,0.0,0.0,0.0,0.0,0.0,0.0,0.0,0.0,0.0,0.0,0.0,0.0,0.0,0.0,0.0,0.0,0.0,0.94102603,0.9127413,1.6636337,1.8339524,-0.32135174,2.4749842,0.6467309,0.8982851,2.1492064,3.5060835,2.8685954,-0.50036865,1.2715725,0.5034663,1.1780233,-0.04561439,0.60676557,2.0570831,-3.1644294,1.8352189
002701,0.0,0.0,0.0,0.0,0.0,0.0,1.0,0.0,0.0,0.0,0.0,0.0,0.0,0.0,1.0,0.0,0.0,0.0,0.0,0.0,0.047675684,-0.16063368,-0.18450004,0.44296303,0.30096713,0.4180863,0.7948998,-0.37502253,1.3924457,-1.0572927,1.7758818,-0.49206066,0.008701682,0.68326205,0.5591036,-0.7882806,-0.17496717,0.94750535,-3.384709,-0.08724773
002733,0.0,0.0,0.0,0.0,0.0,0.0,1.0,0.0,0.0,0.0,0.0,0.0,0.0,0.0,0.0,0.0,0.0,0.0,0.0,0.0,-0.6398608,-0.6857166,0.5931548,-0.2777251,-0.30806744,-0.6378053,0.10032764,0.8667964,-0.3062219,3.7345939,0.6653371,0.07260208,0.4173793,-0.2517721,0.028165221,0.2549873,0.27212775,-0.46227503,-1.4152758,-0.6743178
002768,0.0,0.0,0.0,0.0,0.0,0.0,0.0,0.0,0.0,0.0,0.0,1.0,0.0,0.0,1.0,0.0,0.0,0.0,0.0,0.0,0.83738554,0.28581718,2.265354,3.1994116,0.76828533,2.8838267,1.2659245,1.280673,2.2058945,1.850408,4.138883,-1.0291474,2.187926,0.402018,1.755036,-0.25079662,0.28845954,2.544043,-5.6216807,1.9069109
002802,0.0,0.0,0.0,0.0,0.0,0.0,0.0,0.0,0.0,0.0,0.0,0.0,0.0,0.0,0.0,0.0,1.0,0.0,0.0,0.0,0.65475893,0.74310845,1.1515775,1.3917146,-0.19255492,1.5793844,0.9929333,-1.1317041,1.6395168,-0.25717854,1.6999555,-0.65069747,-0.17047091,0.3982966,0.43037176,0.38031,-1.2310156,1.5483779,-1.7522564,1.1174712
002829,0.0,0.0,0.0,0.0,0.0,0.0,1.0,0.0,0.0,0.0,0.0,0.0,0.0,0.0,0.0,0.0,0.0,0.0,0.0,0.0,-0.3415841,-0.27051252,0.7560061,0.5791823,0.022800177,0.17031753,0.34273335,0.17414671,0.4547776,1.3455484,1.7085135,-0.34754944,0.15126044,-0.14618568,0.24889374,0.03363064,-0.30963963,0.29833677,-2.061504,0.30712807
002860,0.0,1.0,0.0,0.0,0.0,0.0,0.0,0.0,0.0,0.0,0.0,1.0,0.0,0.0,1.0,0.0,0.0,0.0,0.0,0.0,1.5272549,0.108314574,1.6372443,2.874602,2.0186956,3.1750443,1.041337,0.5352986,2.8661354,3.8736205,3.7737615,-0.8640972,1.2441462,0.36662012,1.7093415,0.5190541,-0.2991386,2.5353878,-3.6113272,2.120952
002890,0.0,0.0,0.0,0.0,0.0,0.0,0.0,0.0,0.0,0.0,0.0,0.0,0.0,0.0,0.0,0.0,0.0,0.0,1.0,0.0,1.6407768,0.9648274,1.6699975,2.0996745,0.3984854,1.860219,0.37104243,0.8827143,1.4778152,0.96180564,2.4844456,-0.40410122,0.8327125,0.6236901,0.6033721,0.05251564,0.49407583,1.8134845,-2.6383748,1.3872329
002920,0.0,1.0,0.0,0.0,0.0,1.0,1.0,0.0,0.0,0.0,0.0,0.0,0.0,0.0,1.0,0.0,0.0,0.0,0.0,0.0,1.2586551,0.6122998,0.32311168,1.2641042,1.0541985,1.8192389,1.0254213,0.6397258,1.8951054,-0.053780526,2.9175754,-0.74464893,1.0169756,0.54563135,1.1125588,0.096877635,-1.0246445,2.0323048,-3.4497714,1.468189
002955,0.0,0.0,0.0,0.0,0.0,1.0,1.0,0.0,0.0,0.0,0.0,0.0,0.0,0.0,0.0,0.0,0.0,0.0,0.0,0.0,1.628074,1.3451366,2.5160246,3.7653985,1.1600928,3.8456233,0.9197233,-0.071674585,2.971959,4.0877914,3.8506522,-1.1970067,1.3703163,0.7353708,1.1580882,-0.32187745,0.60201424,2.9159331,-3.2464373,2.26043
002991,0.0,0.0,0.0,0.0,0.0,0.0,0.0,0.0,0.0,1.0,0.0,0.0,0.0,0.0,0.0,0.0,0.0,0.0,0.0,0.0,0.44567752,0.26254687,1.1340322,1.1646179,0.08300318,1.0797814,0.5995591,0.32232827,1.4205734,1.4852417,1.3451284,-0.24141346,0.53383344,0.21475092,0.6243966,0.05398053,0.008750111,1.3774786,-2.0717456,0.23411363
003025,0.0,0.0,0.0,0.0,0.0,0.0,0.0,0.0,0.0,0.0,0.0,0.0,0.0,0.0,1.0,0.0,1.0,0.0,0.0,0.0,0.50250214,0.12944041,1.1383761,1.7544717,0.6754966,1.8006998,0.6613693,0.21990019,1.6948265,1.8698888,1.9221734,-0.4986517,0.769448,0.15306836,0.83233273,0.10089886,-0.5235883,1.6179976,-1.9287561,0.93651927
003055,0.0,0.0,0.0,0.0,0.0,0.0,1.0,0.0,0.0,0.0,0.0,0.0,0.0,0.0,0.0,0.0,0.0,0.0,0.0,0.0,-1.4233079,-1.9871086,0.88272053,-0.032334864,-0.67721075,-1.2633615,0.84941787,0.74897546,-0.7940643,6.512007,1.1014777,-0.40021265,0.75743806,-0.9634227,0.37596726,1.225565,-0.15932727,-1.8771424,-2.2208366,-1.6651525
003087,0.0,0.0,0.0,0.0,0.0,0.0,0.0,0.0,0.0,0.0,0.0,0.0,0.0,0.0,0.0,0.0,1.0,0.0,0.0,0.0,0.68894005,0.008046471,1.6002096,2.0456905,0.8670246,2.1237502,0.9123351,0.104868904,1.8207276,1.2423463,2.2258892,-0.565702,0.6859863,0.16063783,0.8258892,0.33044174,-0.7273654,2.0507014,-2.4887547,1.1650435
003128,0.0,0.0,0.0,0.0,0.0,0.0,1.0,0.0,0.0,0.0,0.0,0.0,0.0,0.0,0.0,0.0,0.0,0.0,0.0,0.0,-0.80895275,-0.9309523,0.66579235,0.79576015,-0.13433763,0.29970282,1.0390823,0.27572262,1.7241893,-0.67982143,1.8486613,-0.877296,-0.23319942,0.03995669,-0.15956748,-0.113683105,-1.1857612,1.3274685,-3.7588968,0.16896391
003166,0.0,0.0,0.0,0.0,0.0,0.0,0.0,1.0,0.0,0.0,0.0,0.0,0.0,0.0,0.0,0.0,0.0,0.0,0.0,0.0,-0.46453905,-0.8070887,0.3951409,0.18909496,-0.03176692,0.49268043,0.19738117,0.63488865,1.0453657,-0.57021326,1.1295769,-0.40401137,0.02236566,-0.15094988,0.08129735,0.33575153,-0.67510295,1.1090076,-2.2441084,0.09644392
003197,0.0,0.0,0.0,0.0,0.0,0.0,0.0,0.0,0.0,0.0,0.0,0.0,0.0,0.0,1.0,0.0,0.0,1.0,0.0,0.0,-0.405277,-1.0983871,-1.50087,0.086193144,0.057149887,-0.7369245,0.7901706,-0.8299355,0.51273644,-2.384061,0.7820689,-0.67504907,-1.3381169,0.18081751,-1.3688234,0.23560894,-3.1430972,-0.28123066,-3.2585683,-0.44924414
003227,0.0,0.0,0.0,0.0,0.0,0.0,0.0,1.0,0.0,0.0,0.0,0.0,0.0,0.0,0.0,0.0,0.0,0.0,0.0,0.0,-1.9478862,-1.0578158,-1.5460434,-2.872959,0.7659751,-3.2219856,0.9090583,-1.176151,-0.02971536,-3.4893212,0.5564687,-0.590535,-2.381242,0.20107234,-1.5578907,0.9642049,-2.5875192,-0.5536829,-2.8961418,-3.59479
003264,0.0,0.0,0.0,0.0,0.0,0.0,0.0,0.0,0.0,0.0,0.0,1.0,0.0,0.0,0.0,0.0,0.0,1.0,0.0,0.0,-0.6045753,-0.70891035,-0.1318196,-0.7438094,1.1271619,-0.9607791,0.3490166,-0.718228,0.69185424,-1.428754,1.0703727,-0.7003883,-1.1708143,0.13300225,-0.5508934,0.48885047,-1.0790486,0.654769,-3.6675806,-0.11966646
003295,0.0,0.0,0.0,0.0,0.0,0.0,0.0,0.0,0.0,0.0,0.0,0.0,0.0,0.0,1.0,0.0,0.0,0.0,0.0,0.0,2.1652846,0.8319593,1.5630872,3.9699316,0.9906089,4.1145854,1.6811858,0.43470624,3.8155444,2.24646,4.1466327,-1.2623667,2.432102,1.2646173,1.5527527,-0.7225349,-0.08979356,2.836465,-5.306135,2.0245438
003322,0.0,0.0,0.0,0.0,0.0,0.0,0.0,0.0,1.0,0.0,0.0,0.0,0.0,0.0,0.0,0.0,0.0,0.0,0.0,1.0,1.3957822,1.312562,2.064189,1.792885,1.2404971,2.1440601,0.40751982,2.6601934,2.3214073,5.07413,2.36252,-0.16631913,1.8464242,0.9878973,1.0794145,-0.1889205,1.4957331,2.4518766,-4.1371927,1.219558
003352,0.0,0.0,0.0,0.0,0.0,0.0,0.0,1.0,0.0,0.0,0.0,1.0,0.0,0.0,1.0,0.0,0.0,0.0,0.0,0.0,-0.37271202,0.20110753,-0.37397423,1.0891654,0.96094716,1.1730188,0.3824402,-0.7994395,1.0061455,-0.6713365,2.146236,-0.8667511,0.2954681,0.0021324754,-0.43182412,0.67605114,-0.83920556,0.96832454,-2.8582988,0.8439896
003387,0.0,0.0,0.0,0.0,0.0,0.0,1.0,0.0,0.0,0.0,0.0,0.0,0.0,0.0,0.0,0.0,0.0,0.0,0.0,0.0,-0.98311293,-1.2133251,0.28572735,-0.07732403,-0.3978514,-0.9347379,0.09077627,0.9577942,-0.2954871,2.0828476,1.2236784,0.22519962,-0.066149674,-0.3019233,-0.04742354,-0.2991962,-0.2140894,-0.16506022,-2.0499673,-0.87334377
003428,0.0,0.0,0.0,0.0,0.0,0.0,0.0,0.0,0.0,0.0,0.0,0.0,0.0,0.0,0.0,0.0,0.0,0.0,1.0,0.0,1.9691501,1.0522494,1.1675553,2.070987,0.5937646,2.2539062,0.7959363,0.35715157,1.8424375,0.29461873,2.752108,-0.8592634,0.94457257,0.8508464,0.776333,-0.09912275,0.2440277,2.3829296,-2.5767238,1.7927406
003460,0.0,0.0,0.0,0.0,0.0,0.0,1.0,0.0,0.0,0.0,0.0,0.0,0.0,0.0,0.0,0.0,0.0,0.0,0.0,0.0,-0.42015612,-0.883451,0.34343696,0.5744895,-0.38848594,0.4276431,0.56218284,0.06662758,0.8308816,3.0340037,2.122284,-0.07393065,0.44659185,-0.17528327,0.35751644,0.077430606,-0.24031794,0.52929753,-2.1919534,0.005619049
003486,0.0,0.0,0.0,0.0,0.0,0.0,1.0,0.0,0.0,0.0,0.0,0.0,0.0,0.0,1.0,0.0,0.0,0.0,0.0,0.0,-0.95523304,-1.102454,0.4020524,-0.350798,-0.22793911,-0.9107487,0.15897483,0.45627713,-0.09059894,2.8428981,0.75207865,0.024094064,0.103564456,-0.42544508,-0.026365787,0.6044955,-0.4727353,-0.41175157,-1.5737271,-0.5761088
003517,0.0,0.0,0.0,0.0,0.0,1.0,1.0,0.0,0.0,0.0,0.0,0.0,0.0,0.0,1.0,0.0,0.0,0.0,0.0,0.0,1.3072519,0.5229692,1.0682832,2.56688,0.4195004,2.3195894,0.8863833,-0.123553485,2.3825443,-1.1314969,2.9432285,-1.4073737,1.0227294,0.7753656,0.27643055,-0.08143711,-2.0722332,2.0922885,-3.5327122,1.3919652
003545,0.0,0.0,0.0,0.0,0.0,0.0,1.0,0.0,0.0,0.0,0.0,0.0,0.0,0.0,0.0,0.0,0.0,0.0,0.0,0.0,-0.11753279,-0.22257662,0.71586925,0.55149364,0.3292165,0.27678084,0.87108743,0.9335407,0.6154852,2.7017975,1.3280008,-0.10874365,0.63309264,0.35657498,-0.06748822,0.3866104,0.2873934,0.32431036,-2.186824,-0.16833317
003573,0.0,0.0,0.0,0.0,0.0,0.0,0.0,0.0,0.0,0.0,0.0,0.0,0.0,0.0,1.0,0.0,0.0,0.0,0.0,0.0,-0.87330407,-1.8926888,-1.0193652,-1.3762572,-0.22802901,-2.3229864,0.03296589,0.9095355,-0.64789987,-0.7818725,0.08280665,-0.33540478,-1.3197427,-0.4565777,-1.5190398,1.0456189,-1.1265508,-0.64545757,-2.5667043,-0.50208926
003607,0.0,0.0,0.0,0.0,0.0,0.0,1.0,0.0,0.0,0.0,0.0,0.0,0.0,0.0,0.0,0.0,0.0,0.0,0.0,0.0,0.49869373,0.21608806,0.80623686,1.3150327,0.23181981,1.4566114,0.7530799,-0.40906,1.04874,2.3389459,1.7222006,-0.7960185,0.6986294,0.25524616,0.17201884,0.75854075,-0.43339235,0.550091,-1.4928744,0.23410136
003647,0.0,0.0,0.0,0.0,0.0,0.0,0.0,1.0,0.0,0.0,0.0,0.0,0.0,0.0,0.0,0.0,0.0,0.0,0.0,0.0,-0.70619977,-1.9080333,-1.2599126,-1.1160553,-0.34266314,-1.4243685,0.02704509,-0.16672528,-0.20199284,-3.0273488,0.4378406,-0.33865112,-0.26476073,-0.16616061,-0.7605071,0.42726162,-1.6164377,-0.20519492,-2.1460404,-0.38215512
003683,0.0,0.0,0.0,0.0,0.0,0.0,1.0,0.0,0.0,0.0,0.0,0.0,0.0,0.0,0.0,0.0,0.0,0.0,0.0,0.0,0.09015444,-0.0077081323,0.7806624,0.49985278,0.026015908,0.5894839,0.46857175,-0.004861176,0.60104924,1.6250536,1.1797572,-0.5746916,0.48163703,0.03121937,0.03324142,0.4309363,-0.28349602,0.2579563,-0.97859997,0.50560784
003720,0.0,0.0,0.0,0.0,0.0,0.0,0.0,0.0,0.0,0.0,0.0,0.0,1.0,0.0,1.0,0.0,0.0,0.0,0.0,0.0,0.21239987,-1.1040653,1.1187667,0.45608383,-0.2912756,0.83288205,0.9944701,0.51010966,0.7601501,0.37574026,1.4054649,-0.16207868,0.11223672,-0.052295312,0.035292834,0.3596007,-0.66065717,0.47558224,-2.8446727,0.24758403
003744,0.0,0.0,0.0,0.0,0.0,0.0,0.0,0.0,0.0,0.0,0.0,0.0,0.0,0.0,0.0,0.0,0.0,1.0,0.0,0.0,1.000047,-0.8264018,0.48385265,1.256501,0.38059413,0.7161691,0.46302274,0.9434431,1.0158248,0.7219603,1.03691,-0.27055168,0.1843932,0.20936121,-0.069733374,0.525939,-0.63315374,1.0642369,-2.6852798,0.85439706
003775,0.0,0.0,0.0,0.0,0.0,0.0,0.0,0.0,1.0,0.0,0.0,0.0,0.0,0.0,0.0,0.0,0.0,0.0,0.0,0.0,2.6646686,0.8891523,1.0399811,2.6240306,0.75790626,2.4509919,0.66514945,2.1246219,2.156746,1.5216055,2.1732447,0.017226964,1.576258,1.0104749,0.7162349,-0.13361439,0.4911743,2.338185,-3.094655,1.3149031
003810,0.0,0.0,0.0,0.0,0.0,0.0,1.0,0.0,0.0,0.0,0.0,0.0,0.0,1.0,1.0,0.0,0.0,0.0,0.0,0.0,1.0035996,0.65966856,1.8812227,1.9799199,0.30046505,1.9958982,0.8046245,1.0868955,2.2568822,5.2686877,2.9100513,-0.62594074,1.3475761,0.5524163,0.49101105,0.58756095,1.2110007,1.9972003,-3.3014588,2.0767837
003841,0.0,0.0,0.0,0.0,0.0,0.0,0.0,0.0,0.0,1.0,0.0,0.0,0.0,0.0,0.0,0.0,0.0,0.0,0.0,0.0,1.2041874,-0.59997344,1.5669756,1.2475592,1.1786624,1.0765944,1.0938486,0.32178164,1.5144887,3.4653106,2.1841364,-0.7480584,-0.039735124,0.3712684,0.29153425,0.35967624,-0.6585065,2.6553946,-3.9569054,0.19381839
003880,0.0,0.0,0.0,0.0,0.0,0.0,0.0,1.0,0.0,0.0,0.0,0.0,0.0,0.0,1.0,0.0,0.0,0.0,0.0,0.0,0.74850476,-0.82838166,0.40707105,0.29696757,-0.23186484,0.09553039,0.37332046,-0.11764562,0.26613975,-2.1728451,1.598221,-1.1176677,0.22557224,0.41995668,-0.35482123,0.74586713,-2.3889377,0.6562449,-3.4204574,0.08244535
003906,0.0,0.0,0.0,0.0,1.0,0.0,0.0,1.0,0.0,0.0,0.0,0.0,0.0,0.0,0.0,0.0,0.0,0.0,0.0,0.0,-0.91120005,-2.0586746,-1.1982434,-1.0248313,-0.79524595,-1.7456,-0.002536185,0.29838544,-0.23218694,-1.4700902,0.033495754,-0.25745553,-0.62960875,-0.14106986,-1.1018351,0.46314552,-1.6381998,-0.11611827,-2.4314995,-1.3368802
003934,0.0,0.0,0.0,0.0,0.0,0.0,0.0,0.0,0.0,0.0,0.0,0.0,0.0,0.0,0.0,1.0,0.0,0.0,0.0,1.0,-0.66440344,-1.0856726,0.45023263,0.50940555,0.5693892,0.25662887,0.41388825,0.98692346,0.917141,2.6961625,1.1600494,-0.24041006,-0.5494292,0.07724197,-0.107756734,1.2432168,-0.82465273,0.9754763,-2.6304789,0.8383251
003972,0.0,0.0,0.0,0.0,0.0,0.0,0.0,0.0,0.0,0.0,0.0,0.0,0.0,0.0,1.0,0.0,0.0,0.0,0.0,0.0,-2.1608753,-2.045003,-0.32405505,-0.85596204,0.47862402,-1.8373022,0.4235455,-0.84993964,1.2956628,-0.44412506,0.9462087,-0.864527,-2.353166,-0.8538934,-0.881456,0.31298357,-3.9884953,0.486156,-3.7941177,-1.6210852
004006,0.0,0.0,0.0,0.0,0.0,0.0,0.0,0.0,0.0,0.0,0.0,0.0,1.0,0.0,1.0,0.0,0.0,0.0,0.0,0.0,1.4672918,0.17072242,2.155276,2.2177203,0.20941049,1.7097666,1.0665627,0.105632514,1.5800204,0.52066576,2.2971363,-0.4780717,0.5218978,0.41193768,0.25184703,0.48875993,0.037360847,1.391501,-4.4382553,0.9322181
004043,0.0,0.0,0.0,0.0,0.0,0.0,1.0,0.0,0.0,0.0,0.0,0.0,0.0,0.0,1.0,0.0,0.0,0.0,0.0,0.0,0.8132764,0.2017656,2.8332002,2.8529196,0.36175868,2.6334295,0.8099021,1.5239319,2.122817,6.2025485,3.6146145,-0.8844967,1.6013924,0.33387965,1.6063714,-0.056416392,0.8662615,1.6795883,-4.413307,1.5498912
004068,0.0,0.0,0.0,0.0,1.0,0.0,0.0,0.0,1.0,0.0,0.0,0.0,0.0,0.0,1.0,0.0,0.0,1.0,0.0,0.0,0.75840163,-1.21277,0.88432664,-0.6101325,1.0728042,-0.48545408,0.91587514,0.7823614,1.398229,0.15792894,0.5063863,-0.7513496,-0.15257066,-0.12954599,-1.1240441,0.8823205,-1.6554267,0.47329777,-3.0531256,-1.107654
004097,0.0,0.0,0.0,0.0,0.0,0.0,1.0,0.0,0.0,0.0,0.0,0.0,0.0,0.0,0.0,0.0,0.0,0.0,0.0,0.0,0.615746,0.16830012,1.6184062,1.8334353,0.30476794,1.6482186,0.9728595,0.3994518,1.9813468,1.6375998,2.3419392,-0.8629054,0.44474316,0.4948424,0.5696789,0.7702547,-0.48841095,1.1934576,-3.3035965,1.2552029
004125,0.0,0.0,0.0,0.0,0.0,0.0,0.0,0.0,0.0,0.0,0.0,0.0,0.0,0.0,1.0,0.0,0.0,0.0,0.0,0.0,-0.70513296,-1.5317631,-0.6874768,-0.34012306,-0.19062227,-1.5838199,0.23677202,-2.04182,0.768467,-4.955355,0.87988806,-1.0278741,-1.207119,-0.18933141,-1.4415936,0.3759883,-3.524652,0.37335867,-3.3070812,-1.3549268
004159,0.0,0.0,0.0,0.0,0.0,0.0,0.0,0.0,0.0,0.0,0.0,0.0,0.0,0.0,0.0,1.0,0.0,0.0,0.0,0.0,0.5985149,-0.6559428,0.49856678,0.61352015,0.74501735,0.6579698,0.561354,1.626554,1.2520553,1.6460013,1.4955313,-0.4603538,0.4488195,0.0026724786,-0.16648817,0.30394563,-0.5546694,1.8023676,-3.863762,1.1098562
004183,0.0,0.0,0.0,0.0,0.0,0.0,1.0,0.0,0.0,0.0,0.0,0.0,0.0,0.0,1.0,0.0,0.0,0.0,0.0,0.0,0.17164025,-0.42984402,1.2238715,1.3725007,0.09687218,0.64755344,0.62331045,-0.2651568,1.040325,1.9219927,1.6609775,-0.6538222,0.1054512,0.37525666,0.026549846,0.77128696,0.1166724,0.79695475,-2.0784314,0.7127006
004217,0.0,0.0,0.0,0.0,0.0,0.0,1.0,0.0,0.0,0.0,0.0,0.0,0.0,0.0,0.0,0.0,0.0,0.0,0.0,0.0,-0.6496384,-0.78333366,0.43557698,-0.061602622,-0.006949961,-0.56111753,0.16698675,0.53928995,0.028978437,1.7962836,1.228126,-0.030995473,0.14261818,-0.2874233,0.1404831,0.03817728,-0.18825334,-0.39710018,-1.5765896,-0.5922112
004249,0.0,0.0,0.0,0.0,0.0,0.0,1.0,0.0,0.0,0.0,0.0,0.0,0.0,0.0,1.0,0.0,0.0,0.0,0.0,0.0,-0.5396517,-0.85085464,0.22187537,0.023011088,-0.30539188,-0.38048252,0.38601878,0.64902544,-0.019547105,2.8553932,1.5460398,0.25005275,0.2366673,-0.19687839,0.43615133,0.19745365,0.23002085,-0.028645694,-2.171414,0.11823344
004288,0.0,0.0,0.0,0.0,0.0,0.0,0.0,0.0,0.0,0.0,0.0,1.0,0.0,0.0,1.0,0.0,0.0,1.0,0.0,0.0,1.2903825,-0.53360057,1.4627699,2.5251958,1.0313835,1.9368355,-0.04484611,-0.21047969,2.1363268,0.50071645,3.0611103,-0.69061834,0.485927,-0.0669985,0.8199488,-0.24536471,-1.1497326,1.7841046,-3.417416,2.0202036
004317,0.0,0.0,0.0,0.0,0.0,0.0,0.0,0.0,0.0,0.0,0.0,0.0,0.0,0.0,1.0,0.0,0.0,0.0,0.0,0.0,-0.82005703,0.26028326,1.1903499,3.2863505,-0.36059666,2.3131094,0.9080841,-2.213656,2.5568247,-4.260088,3.435507,-1.6169047,0.31832683,0.9154754,0.88747215,-1.4708569,-1.4181148,3.1114674,-5.009986,1.1710744
004350,0.0,0.0,1.0,0.0,0.0,0.0,0.0,0.0,0.0,0.0,0.0,0.0,0.0,0.0,0.0,0.0,0.0,0.0,0.0,0.0,0.59183645,0.6647353,0.31930006,1.6238194,0.67498296,1.4633528,0.81666553,0.69117385,1.0409862,1.2228067,1.7052033,-0.46285507,0.93504965,0.45086843,-0.016162604,-0.7440195,-0.028010309,1.3796656,-2.0055947,0.0962168
004385,0.0,0.0,0.0,0.0,0.0,0.0,0.0,0.0,0.0,0.0,0.0,0.0,0.0,0.0,0.0,0.0,0.0,1.0,0.0,0.0,1.8843408,0.897065,2.0950394,3.201286,1.042831,3.302043,0.6096662,0.7401395,2.8105817,2.4994748,3.0818095,-0.8880626,1.7122319,0.82069325,1.2105871,-0.1452561,1.0800209,2.620078,-3.2884803,1.9605787
004413,0.0,0.0,1.0,0.0,0.0,0.0,0.0,0.0,0.0,0.0,0.0,0.0,0.0,0.0,0.0,0.0,0.0,0.0,0.0,0.0,-0.2857394,-0.4313118,0.10559431,0.22500038,0.28349775,-0.7165282,0.63545144,-0.4777094,0.48865843,0.12838975,0.7660378,-0.19490343,-0.29271394,0.25231493,-0.72053313,0.013191462,-1.7326835,0.6897056,-3.298688,-0.38591743
004442,0.0,0.0,0.0,0.0,0.0,0.0,1.0,0.0,0.0,0.0,0.0,0.0,0.0,0.0,0.0,0.0,0.0,0.0,0.0,0.0,0.88229877,0.83129036,1.101793,1.7970661,0.6274438,1.5008566,0.71976256,0.9099557,2.5754313,1.6550443,3.827243,-0.7580092,0.31367218,0.49549592,0.81474346,0.3940072,0.40349764,2.156042,-4.182749,1.9514374
004467,0.0,0.0,0.0,0.0,0.0,0.0,0.0,1.0,0.0,0.0,0.0,0.0,0.0,0.0,0.0,0.0,0.0,0.0,0.0,0.0,-0.7533864,-1.825852,-0.6988348,-0.54881287,-0.14562893,-1.3563778,-0.15343957,-0.28784758,0.11384094,-0.12391889,0.9711344,-0.4827935,-0.6511292,-0.04855138,-0.87629986,0.25708926,-2.0358205,-0.15635628,-2.908157,-0.96232945
004497,1.0,0.0,0.0,0.0,0.0,0.0,0.0,0.0,0.0,0.0,0.0,0.0,0.0,0.0,1.0,0.0,0.0,0.0,0.0,0.0,0.46590918,0.027152076,0.43529367,0.9018916,-0.088253245,0.8919169,0.6190054,0.90049386,1.1106365,3.042211,1.9167727,-0.045533746,0.50235623,0.26460195,0.1538331,0.61280614,-0.14856648,0.92760766,-2.6296332,1.1669672
004533,1.0,0.0,0.0,0.0,0.0,0.0,0.0,0.0,0.0,0.0,0.0,0.0,0.0,0.0,0.0,0.0,0.0,0.0,0.0,0.0,1.6357613,1.3560704,1.6703861,1.9457316,-0.6825468,2.8004143,1.03123,0.5437546,1.2854894,4.04957,2.5278614,-0.48627642,1.1755619,0.55012083,0.6399801,1.5719378,0.55477667,1.6532662,-2.9365633,2.514478
004564,0.0,0.0,0.0,0.0,0.0,0.0,0.0,0.0,0.0,0.0,0.0,0.0,1.0,0.0,1.0,0.0,0.0,0.0,0.0,0.0,0.8706336,-0.38118857,1.0697329,1.5743074,0.116220415,1.1498106,1.0588152,0.6737096,1.6209004,0.4316918,2.1161747,-0.49667776,0.642786,0.19477874,0.28770825,-0.2001141,0.16025901,1.7387513,-3.8519697,0.3103546
004594,0.0,0.0,0.0,0.0,0.0,1.0,0.0,0.0,0.0,0.0,0.0,0.0,0.0,0.0,0.0,0.0,0.0,0.0,0.0,0.0,2.0410748,1.2710421,1.7378515,3.020477,0.7499233,2.0134337,0.8254836,0.33747616,2.4950066,3.3290515,2.992661,-1.218375,1.0315592,0.6488175,1.0879487,-0.43630272,-0.13133025,2.3496184,-4.3393197,2.168343
004624,0.0,0.0,0.0,0.0,0.0,0.0,0.0,0.0,0.0,0.0,0.0,0.0,0.0,0.0,0.0,0.0,0.0,0.0,1.0,0.0,2.9948049,1.5247226,2.8014035,3.9439182,0.6690614,4.08699,0.9726072,0.107360646,2.8226745,3.6348991,4.019154,-1.3989497,1.7495792,1.0954288,1.5569906,0.027713358,0.8699868,3.2917671,-4.264831,2.37974
004661,0.0,0.0,0.0,0.0,0.0,0.0,0.0,0.0,1.0,0.0,0.0,0.0,0.0,0.0,1.0,0.0,0.0,0.0,0.0,0.0,0.775286,-0.077309966,1.243489,3.2705178,0.94217324,2.2456086,0.5560826,0.4090943,3.1607237,1.4264708,3.5166342,-0.86235684,0.9396819,0.4290348,0.523942,0.3880728,-0.47963226,2.2504692,-5.2769976,1.8109612
004695,0.0,0.0,0.0,0.0,0.0,0.0,0.0,0.0,1.0,0.0,0.0,0.0,0.0,0.0,0.0,0.0,0.0,1.0,0.0,0.0,-0.8807467,-0.2928739,0.7157051,-0.38037065,0.93843246,-0.26430416,0.15980178,2.4264174,0.9410441,4.5340276,1.1213129,0.08412196,0.16252694,0.50889045,0.11920506,0.0547826,-0.41107672,1.1042112,-4.2996078,-0.5106365
004725,0.0,0.0,0.0,0.0,0.0,0.0,0.0,0.0,0.0,0.0,0.0,0.0,0.0,1.0,1.0,0.0,0.0,0.0,0.0,0.0,0.66085184,-0.46669275,-0.037706017,1.0987498,-0.40989125,0.99399006,1.1716676,-0.16627926,1.129438,-0.27000093,1.8666515,-0.3634293,0.66944855,0.45733553,0.0049970746,1.2803577,-1.3395581,0.561121,-3.1466548,1.1449306
004751,0.0,0.0,0.0,0.0,0.0,0.0,0.0,0.0,0.0,0.0,0.0,0.0,0.0,0.0,0.0,0.0,0.0,0.0,1.0,0.0,1.4574564,1.0345585,1.412879,1.8682828,0.29528034,1.7439834,0.44414693,0.22434247,1.3170505,1.5109605,2.141263,-0.3466782,0.72817576,0.5421256,0.76025695,0.28581786,0.7595138,2.067653,-2.4855876,1.0813482
004774,0.0,0.0,0.0,0.0,0.0,0.0,0.0,0.0,0.0,0.0,0.0,0.0,0.0,0.0,0.0,0.0,1.0,0.0,0.0,0.0,0.26564705,-0.024751268,1.0011833,1.5041285,0.2889552,1.9117793,1.5334171,0.205178,2.1178367,1.7805191,2.3807006,-0.43300888,0.48239583,0.51926684,0.72641635,0.13043663,-1.72728,2.418051,-3.499643,0.27128506
004809,0.0,0.0,0.0,0.0,0.0,0.0,0.0,1.0,0.0,0.0,0.0,0.0,0.0,0.0,0.0,0.0,0.0,0.0,0.0,0.0,-0.8652361,-1.5431411,-1.2405918,-1.1299502,0.1675435,-1.2747377,0.2350714,-0.1234439,0.4126595,-2.6875877,0.7174293,-0.5378638,-1.0280557,-0.21058775,-0.60080767,0.22530538,-2.2816687,0.754828,-2.493535,-1.0405076
004844,0.0,0.0,0.0,0.0,0.0,0.0,1.0,0.0,0.0,0.0,0.0,0.0,0.0,0.0,1.0,0.0,0.0,0.0,0.0,0.0,0.42966422,1.8285948,1.1370871,1.671471,0.28033382,1.6653477,1.0068127,0.7204331,0.8582563,1.4558958,2.3337371,-0.8433662,0.9892577,1.3726151,-0.0052913427,0.34194264,-0.6834333,1.3282188,-5.4354815,2.145658
004875,0.0,0.0,1.0,0.0,0.0,0.0,0.0,0.0,0.0,0.0,0.0,0.0,0.0,0.0,0.0,0.0,0.0,0.0,0.0,0.0,0.71284896,0.2985685,0.9561351,0.5491187,-0.015518248,0.53627217,0.8970713,0.12701994,0.7695515,2.6699088,1.3424358,-0.2962578,0.16318695,0.17705029,0.12790227,0.317734,-0.5599822,1.4907403,-2.6493149,0.06589046
004904,0.0,1.0,0.0,0.0,0.0,0.0,0.0,0.0,0.0,0.0,0.0,0.0,0.0,0.0,1.0,0.0,0.0,0.0,0.0,0.0,1.4392426,-0.02960366,0.9215406,1.5425365,1.3010947,1.9108796,0.9243898,0.91623557,1.7894822,2.219892,2.7462635,-0.88610727,1.0745007,0.40141726,0.9447819,0.78967977,-0.9398403,2.258983,-3.436274,1.4070029
004930,0.0,1.0,0.0,0.0,0.0,0.0,0.0,0.0,0.0,0.0,0.0,0.0,0.0,0.0,1.0,0.0,0.0,0.0,0.0,0.0,1.0247948,-0.45640463,0.7921496,1.6049953,0.50829834,1.4404147,0.7617912,-0.8858253,1.5712917,-1.3190306,2.282785,-0.65377635,0.5792188,0.499226,0.72910887,-0.04506725,-1.5179001,1.5319316,-2.718333,0.99298567
004965,0.0,0.0,0.0,0.0,0.0,0.0,1.0,0.0,0.0,0.0,0.0,0.0,0.0,0.0,0.0,0.0,0.0,0.0,0.0,0.0,-0.36492527,0.6135282,0.12455276,-0.83663785,0.7824852,-0.6605946,0.4071226,1.7174135,0.29788566,0.50931805,2.6126807,-0.14588727,1.0486552,0.21989167,-0.023860097,-0.11631,-1.6479483,2.0654328,-5.996021,-0.30705538
005008,1.0,0.0,0.0,0.0,0.0,0.0,0.0,0.0,0.0,0.0,0.0,0.0,0.0,0.0,0.0,0.0,0.0,0.0,0.0,0.0,0.58846074,-0.37793875,0.48327175,-0.05065179,-0.71176386,0.37356052,0.70099455,0.96698433,0.48709026,2.8812714,1.173904,-0.078959405,0.4172167,0.14978442,0.02786985,1.5712974,-0.13062686,0.47583944,-1.7913207,0.45432812
005038,0.0,0.0,0.0,0.0,0.0,0.0,0.0,1.0,0.0,0.0,0.0,0.0,0.0,0.0,0.0,0.0,0.0,0.0,0.0,0.0,-0.8726083,-1.56178,-0.4673489,-0.012708962,0.43331373,-1.174612,-0.037842497,0.1028066,-0.04117456,-1.392782,0.45572066,-0.29584178,-0.7125458,-0.39169008,-0.33489144,0.048125394,-2.9587915,-0.30220062,-2.782733,-0.22101921
005074,0.0,0.0,1.0,1.0,0.0,0.0,1.0,0.0,0.0,0.0,0.0,0.0,0.0,0.0,0.0,0.0,0.0,0.0,0.0,0.0,2.0035179,1.5260048,2.2018313,2.8113031,1.2585425,3.8611915,1.2405894,-0.620981,3.6618254,1.8435241,3.940984,-0.959989,2.0416522,1.0008101,1.5211542,-0.73012775,0.5738106,4.3525314,-4.3548117,2.36034
005103,0.0,0.0,0.0,0.0,0.0,0.0,0.0,0.0,1.0,0.0,0.0,0.0,0.0,0.0,1.0,0.0,0.0,0.0,0.0,0.0,0.007800758,-0.47940654,1.5590686,2.033696,0.30071548,1.5753629,0.42846298,-0.10066834,1.9488783,2.687951,2.4955187,-0.68515396,0.73945427,0.28782642,1.0108601,0.47203076,-0.12725312,1.6890866,-5.3277073,1.7216574
005133,0.0,0.0,0.0,0.0,0.0,0.0,0.0,0.0,0.0,0.0,0.0,0.0,0.0,1.0,1.0,0.0,0.0,0.0,0.0,0.0,0.7510625,-0.15864095,1.8793645,1.4709997,0.5109304,0.7463496,0.56732434,1.862634,1.0598532,3.2358496,2.2821982,-0.29030448,0.5598185,0.11906178,0.19481239,0.5426255,0.06559354,1.2035342,-3.3783197,1.0400283
005163,0.0,0.0,0.0,0.0,0.0,0.0,1.0,0.0,0.0,0.0,0.0,0.0,0.0,1.0,1.0,0.0,0.0,0.0,0.0,0.0,2.5570247,1.8038068,2.8194354,4.3678527,0.23607504,4.5537825,1.5291386,0.9591956,3.9616046,4.4418645,5.0004597,-0.79798234,1.9479091,0.81539255,3.2745528,1.1005576,0.4688127,3.0463552,-5.0616603,3.5160646
005194,0.0,0.0,0.0,0.0,0.0,0.0,0.0,0.0,0.0,0.0,0.0,1.0,0.0,0.0,0.0,0.0,0.0,0.0,0.0,0.0,-1.1751037,-1.1261358,-0.2425737,0.42101732,0.12388743,-0.15649086,0.62084603,-0.6911841,0.47718897,0.01750791,1.0877172,-0.40511924,-0.23599124,-0.40015578,-0.14602455,0.48866424,-1.4946845,0.55427516,-2.150565,0.08233398
005226,0.0,0.0,0.0,0.0,1.0,0.0,0.0,0.0,0.0,0.0,1.0,0.0,0.0,0.0,1.0,0.0,0.0,0.0,0.0,0.0,-1.2210637,-1.3585883,-0.85561657,-1.3040664,-0.8344365,-2.3953161,0.20571111,-0.8999025,-0.25563967,1.2079225,0.38050452,-0.82619536,-1.1187915,-0.2228365,-1.352458,0.9348184,-2.1456487,-0.2697693,-3.1841745,-1.9394519
005252,0.0,0.0,0.0,0.0,0.0,0.0,0.0,0.0,0.0,0.0,1.0,0.0,0.0,0.0,1.0,0.0,0.0,0.0,0.0,0.0,-0.53186756,0.45180893,1.7293451,1.8468692,1.1468744,1.485295,1.1345543,0.9069245,2.0364962,0.19480485,2.90446,-0.8201136,0.45309812,0.61732495,-0.11294529,-0.18839762,-0.81466156,2.3086817,-5.653907,1.5079905
005287,0.0,0.0,0.0,0.0,0.0,0.0,1.0,0.0,0.0,0.0,0.0,0.0,0.0,0.0,1.0,0.0,0.0,0.0,0.0,0.0,-0.7818898,-0.69093585,0.9783112,0.31204075,-0.26591232,-0.002545774,0.5330131,1.2274928,0.24564147,4.492081,1.4582384,0.007103823,0.9211529,-0.15834934,0.5079816,0.26609254,0.8809635,-0.1218279,-2.17796,-0.06832394
005322,0.0,0.0,0.0,0.0,0.0,0.0,0.0,0.0,0.0,0.0,0.0,0.0,0.0,0.0,1.0,0.0,0.0,0.0,0.0,0.0,1.1817775,-0.044959724,1.2275238,1.8174665,0.4217927,2.245613,0.8199433,-0.34967512,2.7326431,-1.1946231,2.439764,-1.1511464,0.6517481,1.167697,0.4167021,0.11640853,-1.5146816,2.2497416,-4.140403,1.087944
005357,0.0,0.0,0.0,0.0,0.0,0.0,1.0,0.0,0.0,0.0,0.0,0.0,0.0,0.0,1.0,0.0,0.0,0.0,0.0,0.0,1.0740466,0.57221866,2.044817,2.328689,0.97044444,1.8886814,1.1415808,1.1654122,2.3003154,4.0041733,3.0649023,-0.75413615,1.1804065,0.36099696,1.0110514,1.2775005,0.20656836,2.5995123,-4.1242414,2.0588791
005399,0.0,0.0,0.0,0.0,0.0,0.0,0.0,0.0,0.0,0.0,0.0,0.0,0.0,0.0,1.0,0.0,0.0,0.0,0.0,0.0,0.97818685,1.8216434,1.0001987,0.7408915,-0.16022247,1.2719228,1.1656538,0.44416657,2.394943,-1.3842316,2.381115,-1.0492837,0.8143637,0.7752291,0.124756366,-0.9878814,-0.39991617,2.352775,-2.1955235,-0.39457685
005437,0.0,0.0,0.0,0.0,0.0,0.0,1.0,0.0,0.0,0.0,0.0,0.0,0.0,0.0,0.0,0.0,0.0,0.0,0.0,0.0,-0.6540612,-1.2254527,0.2278584,-0.047875583,0.014558896,-0.7580484,0.23727521,1.5355327,-0.37832704,1.8122361,1.3634146,0.01687932,0.3126936,-0.33899593,0.13049778,0.5694435,-0.9642863,-0.43829715,-1.833799,-0.6154264
005468,0.0,0.0,0.0,0.0,0.0,0.0,1.0,0.0,0.0,0.0,0.0,0.0,0.0,1.0,1.0,0.0,0.0,0.0,0.0,0.0,0.42145374,-0.40015802,0.9866937,1.1797463,0.26323652,0.6643364,0.7192368,0.3054793,1.5554537,2.162984,1.9627116,-0.73455673,0.2292394,-0.016444575,0.010331124,0.876946,-0.20855924,0.7614783,-2.7296443,0.29855174
005495,0.0,0.0,1.0,0.0,0.0,0.0,0.0,0.0,0.0,0.0,0.0,0.0,0.0,0.0,0.0,0.0,0.0,0.0,0.0,0.0,1.4620353,1.4700643,1.5102328,1.6543438,0.72553796,2.1034942,0.85160965,-0.6671963,1.8162143,0.86403614,2.0027533,-0.9927733,0.54743934,0.7883407,0.14704022,-0.06855194,-1.1206169,1.6053307,-2.3355007,0.98734885
005529,0.0,0.0,0.0,0.0,0.0,0.0,0.0,0.0,0.0,0.0,0.0,0.0,1.0,0.0,0.0,0.0,0.0,0.0,0.0,0.0,0.5390725,-0.74971914,1.9427722,1.1159143,0.5247315,1.3702953,0.80530715,1.6765138,1.8455982,1.8580613,2.834836,0.035683244,0.8902995,0.3041474,0.6521665,-0.36052746,0.34274787,2.4026015,-5.4340854,1.065006
005558,0.0,0.0,0.0,0.0,0.0,0.0,1.0,0.0,0.0,0.0,0.0,0.0,0.0,0.0,1.0,0.0,0.0,0.0,0.0,0.0,-0.1453107,-0.7339393,0.74025977,0.6760895,-0.20045412,-0.21540153,0.3056596,0.4532421,0.48813868,2.1471183,1.1884091,-0.40745497,0.32684314,-0.09904373,0.2926118,0.20349598,-0.459338,0.099443555,-2.1414618,-0.29264098
005589,0.0,0.0,0.0,0.0,0.0,0.0,0.0,0.0,1.0,0.0,0.0,0.0,0.0,0.0,0.0,0.0,0.0,1.0,0.0,1.0,1.0668688,-0.97695965,0.90258956,1.3543558,0.918934,1.3417857,0.85784984,1.89804,1.7154486,3.0388443,2.239793,-0.45052677,0.8368413,0.21526766,0.3547092,0.78635764,-1.0111208,2.1227226,-4.148903,0.47767752
005623,0.0,0.0,0.0,0.0,0.0,0.0,0.0,0.0,1.0,0.0,0.0,0.0,0.0,0.0,0.0,0.0,0.0,0.0,0.0,0.0,0.2099579,-0.442724,0.5166558,0.5670489,0.7155428,0.49871513,0.6548646,1.1357844,0.99840456,2.7549355,1.9815617,-0.29755616,0.129926,0.2973969,0.42137837,-0.23087561,-0.66480213,0.7729888,-3.0049314,0.6061533
005659,0.0,0.0,0.0,0.0,0.0,0.0,0.0,0.0,0.0,0.0,0.0,0.0,0.0,0.0,0.0,0.0,0.0,0.0,1.0,0.0,2.4773135,1.9285718,2.235398,3.0715263,1.0177004,3.3285704,0.7047548,-0.16796732,2.2019873,1.1381627,3.5391464,-1.0333883,1.3932701,0.8209016,1.2527797,0.011370063,0.41209018,2.8472393,-3.2041106,2.1481204
005689,0.0,0.0,0.0,0.0,0.0,0.0,0.0,0.0,0.0,0.0,0.0,0.0,0.0,0.0,0.0,0.0,0.0,0.0,1.0,0.0,1.3204236,1.1037579,1.6053815,2.1286316,0.37490243,2.1671357,0.51435286,1.0542815,1.7645252,1.4521554,2.589125,-0.49719995,1.0967121,0.7297332,0.8676108,0.5751922,0.84833217,1.5582483,-2.2413054,1.2591621
005722,0.0,0.0,0.0,0.0,0.0,0.0,0.0,0.0,0.0,0.0,0.0,0.0,1.0,0.0,1.0,0.0,0.0,0.0,0.0,0.0,0.80771047,-0.45933437,1.1966449,1.6767364,0.2825233,1.3827192,1.0864706,0.43320322,1.6026675,-0.32107103,2.0886054,-0.557327,0.16558987,0.17467867,0.23126295,0.24194586,-0.28019947,1.7766287,-3.473909,0.7552644
005754,0.0,0.0,0.0,0.0,0.0,0.0,0.0,0.0,1.0,0.0,0.0,0.0,0.0,0.0,1.0,1.0,0.0,1.0,0.0,1.0,-0.46759695,-0.911432,-0.54662615,-0.43087506,0.33784392,-0.0089482665,0.81608474,1.5890157,0.6241584,1.126929,1.4477075,-0.4615624,-0.24608943,-0.54799306,-0.4157921,1.1447095,-0.92361337,0.7739184,-3.3176444,-0.000230968
005792,0.0,0.0,0.0,0.0,0.0,0.0,0.0,0.0,0.0,0.0,0.0,0.0,0.0,0.0,1.0,0.0,0.0,0.0,0.0,0.0,-1.9238865,-2.060405,-0.77008,-0.9486815,-0.4331271,-2.6609263,-0.2714542,-0.8784038,-0.2456072,-4.27532,0.3659708,-0.22128315,-1.1285222,-0.116719425,-1.2555861,0.6849543,-1.9338193,-0.61976624,-3.3566995,-1.3317659
005823,0.0,0.0,0.0,0.0,0.0,0.0,0.0,0.0,0.0,0.0,0.0,0.0,0.0,0.0,1.0,0.0,0.0,0.0,0.0,1.0,-0.7456169,-0.67293996,-0.45442945,0.59519994,-0.26325214,0.13312185,1.0682957,-1.9281387,1.5771556,0.30115575,1.9051667,-1.2358924,-0.99850893,0.527691,-1.4776366,0.382666,-1.8775175,0.71800274,-3.159183,0.23095053
005862,0.0,0.0,0.0,0.0,0.0,0.0,1.0,0.0,0.0,0.0,0.0,0.0,0.0,0.0,0.0,0.0,0.0,0.0,0.0,0.0,-0.8017573,-0.81188595,0.28128344,-0.10074043,-0.065683454,-0.7864878,0.30873907,-0.046138063,-0.25721598,1.703186,1.0938505,-0.08630367,0.14065364,-0.31572998,0.1652495,-0.14725044,-0.19889826,-0.1846857,-2.0072558,-0.6074035
005896,0.0,0.0,0.0,0.0,0.0,0.0,0.0,0.0,0.0,0.0,0.0,0.0,0.0,0.0,1.0,0.0,0.0,0.0,0.0,0.0,-0.56692564,-0.83108556,-0.01292032,1.2180846,-0.1283611,0.4902931,0.7238399,-0.89127505,1.5457495,1.3003918,1.6628295,-0.67950976,-0.23446575,0.41904,-0.727401,0.08559176,-1.1531712,0.8486328,-3.2109635,0.36168638
005931,0.0,0.0,0.0,0.0,0.0,0.0,0.0,0.0,0.0,0.0,0.0,0.0,0.0,1.0,1.0,0.0,0.0,0.0,0.0,0.0,0.72378767,-0.19280791,0.7315774,1.6148682,0.007843047,1.5604074,0.77212656,-0.6461065,1.8991432,1.537408,3.0255504,-0.92497826,0.6226381,0.35163906,0.6986662,-0.14646184,-0.76838404,1.3601766,-2.7415676,1.6651345
005953,0.0,0.0,0.0,0.0,0.0,0.0,1.0,0.0,0.0,0.0,0.0,0.0,0.0,0.0,1.0,0.0,0.0,0.0,0.0,0.0,-0.100540385,0.75351566,1.5205228,2.8033085,0.70794606,1.7438372,1.4425337,-0.27000484,1.6723605,1.733826,2.2568922,-1.2759906,0.34760275,0.7784866,0.36624086,0.3781979,-0.81482166,1.4324758,-4.0030556,0.23493221
005982,0.0,0.0,0.0,0.0,0.0,0.0,0.0,0.0,0.0,0.0,0.0,0.0,0.0,0.0,1.0,0.0,0.0,0.0,0.0,0.0,-0.10053122,-0.3576426,0.2584417,1.1814896,0.31947228,0.33781385,0.5312399,-1.677009,2.092395,-1.3421988,1.9569826,-1.0588266,-0.06155756,0.4171282,-0.6150168,-0.4552267,-0.9306459,1.4138597,-3.457819,-0.1152336
006016,0.0,0.0,0.0,0.0,0.0,0.0,1.0,0.0,0.0,0.0,0.0,0.0,0.0,0.0,1.0,0.0,0.0,0.0,0.0,0.0,-0.24806188,-0.86423945,0.08928646,0.5872885,-0.78370357,-0.050928265,0.7178759,0.0649263,0.28916633,1.9907119,1.7086034,-0.75754786,0.4315365,-0.05286249,0.28922555,0.53280044,-0.26029575,0.102680594,-2.235875,-0.19418025
006049,0.0,0.0,0.0,0.0,0.0,0.0,0.0,0.0,0.0,0.0,0.0,0.0,0.0,0.0,0.0,1.0,0.0,0.0,0.0,0.0,1.753055,1.0523301,1.2769505,1.9129567,-0.13778771,1.9696593,0.9074879,0.19420204,1.7579484,0.6530057,1.8559315,-0.9173806,0.73113656,0.7642391,1.0109601,0.09399262,-0.60955524,1.8577431,-2.6134722,1.8403107
006077,0.0,0.0,0.0,0.0,0.0,0.0,0.0,0.0,0.0,0.0,0.0,0.0,0.0,0.0,0.0,0.0,0.0,0.0,1.0,0.0,2.8476028,3.0254881,3.964264,4.261976,0.6355982,4.523944,0.87585783,1.5923338,3.4228153,2.8166893,4.434823,-1.2291398,2.7473485,1.6377926,1.8247156,0.20921808,0.9212389,3.331079,-4.077402,2.5123925
006109,0.0,0.0,0.0,0.0,0.0,0.0,1.0,0.0,0.0,0.0,0.0,0.0,0.0,0.0,0.0,0.0,0.0,0.0,0.0,0.0,1.7513156,1.601875,0.8521643,1.7390499,1.3107039,1.677494,1.0751946,-0.47857082,2.3200336,-1.0799158,3.707594,-0.45460388,0.61649954,0.9375671,2.0976913,-1.2522966,-0.61730474,2.4853168,-4.6436334,-0.29209125
006142,0.0,0.0,0.0,0.0,0.0,0.0,0.0,0.0,1.0,0.0,1.0,0.0,0.0,0.0,1.0,0.0,0.0,0.0,0.0,0.0,-0.107861236,-0.54425514,1.0056152,1.9850335,0.69987774,0.75830495,1.0047,-1.9115875,1.3960611,-0.54196537,2.2375576,-1.4543897,0.1123687,0.7850611,-0.6527066,-0.9168043,-1.6894412,0.8866571,-3.7328076,0.20185122
006173,0.0,0.0,0.0,0.0,0.0,0.0,0.0,0.0,0.0,1.0,0.0,0.0,0.0,0.0,0.0,0.0,0.0,0.0,0.0,0.0,1.0116642,1.2112134,1.949862,1.4156901,1.3844329,2.0407767,1.0219462,1.243286,2.1140435,4.180437,2.7704754,-0.19703394,1.1496525,0.53362286,1.1841371,0.4616656,1.0054821,2.367703,-4.021848,1.1576879
006213,0.0,0.0,0.0,0.0,0.0,0.0,1.0,0.0,0.0,0.0,0.0,0.0,0.0,0.0,1.0,0.0,0.0,0.0,0.0,0.0,0.13343027,0.05140674,1.2960861,1.3541138,0.42441475,1.0387788,0.72792673,0.66724026,1.2293893,1.978801,2.3966267,-0.24674015,0.9205067,0.1949098,0.9361102,0.41772372,0.42058688,1.082995,-2.798325,0.7431844
006256,0.0,0.0,0.0,0.0,0.0,0.0,1.0,0.0,0.0,0.0,0.0,0.0,0.0,0.0,0.0,0.0,0.0,0.0,0.0,0.0,0.11635344,-0.06941068,1.4966047,1.5503138,0.122133315,0.7370552,0.8180939,1.5765942,1.2790785,3.4650617,1.73149,-0.7337386,0.45257828,0.43762442,-0.06249076,0.2444982,0.2773891,0.71769357,-3.2162263,-0.4794153
006294,1.0,0.0,0.0,0.0,0.0,0.0,0.0,0.0,0.0,0.0,0.0,0.0,0.0,0.0,0.0,0.0,0.0,0.0,0.0,0.0,1.4077264,1.4234964,1.3685901,2.2563307,0.2589224,2.6425498,0.77952397,0.4058373,1.4621781,3.156097,2.6691923,-0.6192702,1.525481,0.73033977,1.277938,-0.13262431,0.98163784,2.1489224,-2.92338,1.4959157
006326,0.0,0.0,0.0,0.0,0.0,0.0,1.0,0.0,0.0,0.0,0.0,0.0,0.0,0.0,0.0,0.0,0.0,0.0,0.0,0.0,0.24728817,0.347852,2.1537588,0.7099644,-0.06700066,1.7070948,0.79195493,0.68890965,1.669952,5.2148504,1.7092717,-0.76801366,1.327721,0.22842097,0.65803653,1.2691519,1.2883817,0.8315937,-1.9784732,0.3844118
006359,0.0,0.0,0.0,0.0,1.0,0.0,0.0,0.0,1.0,0.0,0.0,0.0,0.0,0.0,0.0,1.0,0.0,0.0,0.0,0.0,0.020190328,-1.7428365,0.34612596,0.3630895,0.2641223,0.43598926,0.66983914,0.832667,1.228058,-0.119238555,0.53901255,-0.75007844,-0.2456091,0.051674634,-0.31721264,0.67650354,-0.9123132,1.1219329,-3.0408947,0.23936075
006388,0.0,0.0,0.0,0.0,0.0,1.0,0.0,0.0,0.0,0.0,0.0,0.0,0.0,0.0,0.0,0.0,0.0,0.0,0.0,0.0,0.95213467,0.6902106,1.5178874,2.0006015,0.515635,1.6294796,0.7579786,-0.2457321,1.7207668,1.3945538,1.896688,-0.9415763,0.06299962,0.57913333,0.16076818,0.6259622,-0.12554848,1.5386293,-2.2813702,1.1929868
006413,0.0,1.0,0.0,0.0,0.0,0.0,0.0,0.0,0.0,0.0,0.0,0.0,0.0,0.0,1.0,0.0,0.0,0.0,0.0,0.0,2.8597372,0.64672893,2.964885,4.199616,1.2000209,4.6681194,1.1400769,1.2837651,3.771524,3.746836,5.0061774,-1.483251,2.5805569,0.92492884,1.02966,0.042428732,0.34238356,4.182287,-4.662784,3.319784
006453,0.0,0.0,0.0,0.0,0.0,0.0,0.0,0.0,1.0,0.0,0.0,0.0,0.0,0.0,1.0,0.0,0.0,0.0,0.0,0.0,0.97307634,0.46332034,2.0851035,2.7557173,1.4460366,2.56002,1.3633853,1.7567698,2.425877,2.6247375,3.671284,-1.5582144,1.0043166,0.9602072,1.030934,0.11189619,-1.0987433,2.7434626,-3.603156,1.7149128
006490,0.0,0.0,1.0,1.0,0.0,0.0,0.0,0.0,0.0,0.0,0.0,0.0,0.0,0.0,1.0,0.0,0.0,0.0,0.0,0.0,2.5250883,0.7023003,1.95674,2.5206552,1.6962334,2.6439726,0.9933642,-1.682646,2.615035,2.7182107,2.9380777,-1.2159896,0.8700363,0.7151274,0.2620485,-0.6735291,0.4755367,2.3346102,-3.1363199,1.9734409
006517,0.0,0.0,0.0,0.0,0.0,0.0,0.0,0.0,0.0,0.0,0.0,0.0,0.0,0.0,1.0,0.0,0.0,0.0,0.0,0.0,1.0585482,1.6071013,1.7117562,2.8056505,1.8934703,2.839691,1.8504951,2.0795755,2.847998,1.6297843,4.23143,-1.3880945,1.8174539,2.2112515,1.4983623,-0.76952755,-1.167016,2.8390157,-4.7887306,1.220932
006545,0.0,0.0,0.0,0.0,0.0,0.0,0.0,1.0,0.0,0.0,0.0,0.0,0.0,0.0,0.0,0.0,0.0,1.0,0.0,0.0,-1.2347639,-1.6555638,-1.2460257,-0.7507925,-0.14703494,-1.394373,0.28116664,-0.9203117,0.63201207,-5.4188304,1.0131953,-0.5975714,-0.23314233,0.18663101,-0.89073426,0.25845614,-3.6786332,0.19115306,-4.7984223,-0.66733885
006577,1.0,0.0,0.0,0.0,0.0,0.0,0.0,0.0,0.0,0.0,0.0,0.0,0.0,0.0,1.0,0.0,0.0,0.0,0.0,0.0,0.8337199,0.46990234,0.7701962,1.2025149,-0.16001141,1.929037,0.6609271,-0.6634582,1.7577889,1.5043058,2.8832903,-0.18022212,0.5639195,0.2093201,0.90084577,0.18481195,-0.5236722,1.4070425,-3.3286982,1.4609747
006607,0.0,0.0,0.0,0.0,0.0,0.0,0.0,0.0,0.0,0.0,0.0,1.0,0.0,0.0,1.0,0.0,0.0,0.0,0.0,0.0,1.0720019,0.35337904,1.986844,2.5874124,1.2444744,2.8836246,0.5766462,0.15053974,2.2307172,3.0958362,2.8097208,-0.7115578,1.6676823,0.5822788,0.6599078,-0.12594527,0.5946847,2.0687866,-2.9143908,0.53237057
006642,0.0,0.0,1.0,0.0,0.0,0.0,0.0,0.0,0.0,0.0,0.0,0.0,0.0,0.0,0.0,0.0,0.0,0.0,0.0,0.0,0.42464507,-0.0033220053,0.8282169,1.0972421,-0.25869995,0.53710914,0.6286828,0.11386198,0.60568494,0.32963505,0.8563084,-0.4393633,-0.08867398,0.62026715,0.052083075,-0.20397314,-0.79281193,0.6783445,-2.2269826,0.28390294
006676,0.0,0.0,0.0,0.0,0.0,0.0,0.0,0.0,1.0,0.0,0.0,0.0,0.0,0.0,0.0,0.0,0.0,1.0,0.0,0.0,-0.039419197,-0.24377888,-0.1789382,0.527304,0.25122935,0.07769811,0.1636014,1.4105529,0.93498355,2.13012,1.210267,0.123248756,0.07840513,-0.1374415,-0.024928734,-0.087982744,-1.1725602,0.7449683,-2.2481067,0.38549122
006715,0.0,0.0,0.0,0.0,0.0,0.0,0.0,0.0,0.0,0.0,0.0,0.0,0.0,0.0,0.0,0.0,0.0,0.0,1.0,0.0,1.7568572,1.0810894,1.5971235,1.9953005,0.47451925,2.2701917,0.41075432,-0.028412074,1.657964,0.63365555,2.7481534,-0.68352824,0.59980357,0.4934709,0.5389025,0.38025287,-0.27037543,1.9673327,-2.194739,1.7177473
006745,0.0,0.0,0.0,0.0,0.0,0.0,0.0,0.0,1.0,0.0,0.0,0.0,0.0,0.0,0.0,0.0,0.0,1.0,0.0,1.0,0.6924689,0.022149444,1.544771,1.9469868,1.2392275,1.6104374,0.28428409,2.1129818,2.3631182,0.41691926,2.5803592,-0.7600611,0.61205626,0.7621772,1.0029967,0.38664198,-1.307184,2.1254592,-4.1167693,0.81317073
006776,0.0,0.0,0.0,0.0,0.0,0.0,0.0,0.0,0.0,0.0,0.0,0.0,0.0,0.0,0.0,1.0,0.0,0.0,0.0,0.0,1.5298504,0.49589637,2.6887932,3.132483,0.16122755,3.2897584,0.6926713,0.9500436,2.3318384,-0.6005135,2.5744033,-0.6242223,0.94573903,0.3256416,1.5157592,0.048080534,-0.20546007,2.991022,-3.4974937,2.2078183
006807,0.0,0.0,0.0,0.0,0.0,0.0,0.0,0.0,0.0,0.0,0.0,0.0,0.0,0.0,0.0,1.0,0.0,0.0,0.0,0.0,-1.7912983,-2.3486295,-0.11381468,-1.7885239,0.42844695,-1.4443327,0.50108016,-0.96250474,-0.37962592,-1.1202221,0.5496981,-0.33085895,-1.746731,-0.4909665,0.10857135,0.9826609,-2.8336456,-0.30802244,-2.2551997,-0.5806785
006843,0.0,0.0,0.0,0.0,0.0,0.0,0.0,0.0,0.0,0.0,0.0,0.0,0.0,0.0,1.0,1.0,0.0,0.0,0.0,0.0,2.2062602,-0.06442785,3.499073,3.4999957,1.1811333,3.8010302,1.7655209,2.1540883,3.6722815,1.4396557,3.9799497,-1.0643667,1.7940764,0.47326463,1.8545196,-0.48740706,0.0022501945,3.8726134,-4.806157,2.928782
006881,0.0,0.0,0.0,0.0,0.0,0.0,0.0,0.0,0.0,1.0,0.0,0.0,0.0,0.0,0.0,0.0,0.0,0.0,0.0,0.0,-0.13053127,-0.5779796,0.5462753,0.34862038,0.1575405,-0.31766182,0.8674115,-0.22986478,0.4667389,-2.152284,0.60942924,-0.3201462,-0.33169785,0.1549582,0.19735138,0.37212113,-1.2690296,0.40510535,-2.3386176,-0.39113313
006907,0.0,0.0,0.0,0.0,0.0,0.0,1.0,0.0,0.0,0.0,0.0,0.0,0.0,0.0,0.0,0.0,0.0,0.0,0.0,0.0,0.18838432,0.7275895,1.0828221,1.2843497,0.8936448,0.43475413,0.77755433,-0.40789443,0.7075616,2.5064669,1.5689414,-0.9599911,0.28082207,0.48639774,0.07070878,0.37640244,0.037365854,0.67724454,-3.845293,-0.51142704
006946,1.0,0.0,0.0,0.0,0.0,0.0,0.0,0.0,0.0,0.0,0.0,0.0,0.0,0.0,0.0,0.0,0.0,0.0,0.0,0.0,0.65064037,0.5359843,0.78700036,0.96384037,-0.05072935,1.3338462,0.5190786,0.13398945,0.6430136,1.964399,1.4387854,-0.31839046,0.7604851,0.3374005,0.67024994,0.20074674,0.47334653,0.8748152,-2.054821,0.86963737
006979,0.0,0.0,0.0,0.0,0.0,0.0,0.0,1.0,0.0,0.0,0.0,0.0,0.0,0.0,0.0,0.0,0.0,0.0,0.0,0.0,-0.38379726,-0.09046543,-0.7238054,-0.5761031,-0.7014192,-0.48887408,0.5812031,-0.17639346,0.35392725,-3.5084949,0.91550326,-0.7099291,-0.48111218,0.30900025,-0.61155796,0.17657882,-2.0555587,0.770578,-3.0979123,0.035342276
007010,0.0,1.0,0.0,0.0,0.0,0.0,0.0,0.0,0.0,0.0,0.0,0.0,0.0,0.0,0.0,0.0,0.0,0.0,0.0,0.0,2.4623473,1.3043284,2.7768428,3.7441354,1.4542906,3.9854047,1.2215532,1.7352154,3.3746648,4.539446,4.070899,-1.37393,2.2890215,0.8067318,1.181752,0.4795916,-0.31341726,3.72054,-4.0411563,2.075944
007043,0.0,0.0,0.0,0.0,0.0,0.0,0.0,0.0,0.0,0.0,0.0,0.0,0.0,0.0,1.0,0.0,0.0,0.0,0.0,0.0,-0.025753558,1.0079064,1.1671239,2.262325,0.14110419,1.7248046,1.3489006,0.5557127,1.9818647,-2.1673074,2.190835,-0.75987166,0.20567381,0.9299344,-0.4395408,0.1427564,-2.7862887,2.045714,-4.5402765,1.2362123
007083,0.0,0.0,0.0,0.0,0.0,0.0,0.0,0.0,0.0,0.0,0.0,0.0,0.0,0.0,1.0,0.0,0.0,0.0,0.0,0.0,0.5051605,-1.3749504,0.7783305,-0.32244438,0.91327965,-1.1852177,0.19448583,0.38053036,0.7903466,0.6970206,2.641042,-0.78547084,-1.9244125,-0.4988948,0.029504418,1.486143,-3.2584066,0.25157294,-4.644978,-1.8077964
007116,0.0,0.0,0.0,0.0,0.0,0.0,0.0,0.0,0.0,0.0,0.0,0.0,0.0,0.0,0.0,0.0,0.0,1.0,0.0,0.0,0.48520675,-0.5034886,0.356205,0.7561056,0.5794777,0.6376679,0.49747548,-0.11177711,1.2992358,-0.11786109,1.2225614,-0.56704485,-0.09086028,0.09094499,0.025781143,-0.018202774,-1.4554586,0.662681,-2.5916185,0.6246496
007155,1.0,0.0,0.0,0.0,0.0,0.0,0.0,0.0,0.0,0.0,0.0,0.0,0.0,0.0,0.0,0.0,0.0,0.0,0.0,0.0,-0.24195494,-0.7302525,-0.47458538,-0.5746325,-0.72195745,-0.7340012,0.40702537,0.10560584,-0.35114413,0.26758224,0.5451907,0.049424745,-0.11509771,-0.3189494,-0.34009323,1.0074501,-0.9510738,-0.5021062,-1.7096158,-0.12910718
007183,0.0,0.0,0.0,0.0,0.0,0.0,0.0,0.0,0.0,0.0,0.0,1.0,0.0,0.0,0.0,0.0,0.0,0.0,0.0,0.0,0.06639156,-0.8334072,1.1036955,2.2142425,0.8274607,1.9175162,0.6580127,0.9246411,1.4728713,1.9087138,2.6075234,-0.5038117,0.60241914,-0.05683647,1.0770291,0.383578,-0.12638164,1.8359902,-3.3947437,1.4860231
007220,0.0,0.0,0.0,0.0,0.0,0.0,0.0,0.0,1.0,0.0,0.0,0.0,0.0,0.0,1.0,0.0,0.0,1.0,0.0,0.0,0.90736234,-0.06923765,-0.09709102,0.44423068,1.158383,0.40527117,1.1620501,1.2901036,0.859603,-0.9253866,2.607479,-0.8781487,1.1505579,0.52663314,0.6958399,-0.0027819872,-1.4761609,1.3996058,-4.308719,1.2149265
007248,0.0,0.0,0.0,0.0,0.0,0.0,0.0,0.0,0.0,0.0,0.0,0.0,0.0,0.0,0.0,1.0,0.0,0.0,0.0,0.0,0.24848449,-0.80753565,1.019241,1.3761625,0.63689387,1.1698706,0.73646873,0.54799175,0.67604345,-0.1319071,1.1937425,-0.77244204,-0.10846266,0.09563509,0.5050606,-0.10151297,-1.070267,0.79660666,-2.6142678,0.19660705
007278,0.0,0.0,0.0,0.0,0.0,0.0,1.0,0.0,0.0,0.0,0.0,0.0,0.0,0.0,0.0,0.0,0.0,0.0,0.0,0.0,0.5436839,0.2713509,0.17273596,0.9700746,0.57539636,0.8041822,1.0837983,-0.67279124,1.6257164,-2.1701827,2.4965181,-0.82251745,-0.20254928,0.3607923,0.3217626,-0.74611133,-1.7605585,1.5306513,-3.1279876,0.22774625
007312,0.0,0.0,0.0,0.0,0.0,0.0,0.0,0.0,0.0,0.0,0.0,1.0,0.0,0.0,0.0,0.0,0.0,0.0,0.0,0.0,-0.72776437,-1.4794575,-0.059869394,-0.42947322,1.2342904,-0.7644141,-0.332523,-0.11967901,0.6632784,0.18526095,0.7904524,-0.36129218,-1.2678264,-0.24340612,-0.70916426,1.2634355,-0.86181235,0.0905553,-2.6463447,-0.17875837
007338,0.0,0.0,0.0,0.0,0.0,0.0,0.0,0.0,0.0,0.0,0.0,0.0,0.0,1.0,1.0,0.0,0.0,0.0,0.0,0.0,1.1104703,0.19839382,0.50705624,2.1079507,0.94440705,1.9405909,1.3641835,-0.37249452,2.4529338,-0.9297893,3.7267811,-1.0165207,0.6886194,0.5496718,0.370016,0.39038122,-1.3212676,2.5916972,-4.0866194,1.7993658
007362,0.0,0.0,0.0,0.0,0.0,0.0,1.0,0.0,0.0,0.0,0.0,0.0,0.0,0.0,0.0,0.0,0.0,0.0,0.0,0.0,-0.37568927,-0.46364987,1.044713,0.5112517,0.29129937,0.07845253,0.15915725,0.6981255,0.7763249,3.5125036,1.9858958,-0.05887007,0.37089065,-0.15291825,0.26337686,0.14312619,0.11127728,0.6460036,-3.065228,0.1755048
007393,0.0,0.0,0.0,0.0,0.0,0.0,0.0,0.0,1.0,0.0,1.0,0.0,0.0,0.0,1.0,0.0,0.0,0.0,0.0,0.0,1.1398609,0.43244883,1.0278809,1.2029089,-0.11572328,1.2577422,0.8415025,0.9994992,1.6114181,1.4072355,1.6732972,-0.4359227,1.1607256,0.84240746,0.22525974,-0.32054812,0.4890514,2.2038667,-3.3591046,1.3919064
007420,0.0,0.0,0.0,0.0,0.0,0.0,0.0,0.0,0.0,0.0,0.0,0.0,0.0,0.0,1.0,0.0,0.0,0.0,0.0,0.0,0.4975767,0.01474154,1.0785851,1.9916315,0.6425916,2.706384,1.2943771,-1.1999437,2.5781872,-2.0854044,3.487283,-1.4185116,0.2656894,0.8212076,0.044085383,-0.26698083,-1.6940715,2.5970829,-4.6734023,1.9352883
007456,0.0,0.0,0.0,0.0,1.0,0.0,0.0,0.0,0.0,0.0,0.0,0.0,0.0,0.0,0.0,0.0,0.0,0.0,0.0,0.0,0.17796764,-0.53213537,0.7409011,1.4898292,0.031549677,1.390465,0.9177969,1.363328,1.1499404,3.6772542,1.6780266,-0.95860803,0.54333645,0.59512824,0.4346174,0.522203,-0.9700943,0.64684665,-1.7308425,0.88944113
007495,0.0,0.0,0.0,0.0,0.0,1.0,0.0,0.0,0.0,0.0,0.0,0.0,0.0,0.0,0.0,0.0,0.0,0.0,0.0,0.0,0.5866051,-0.055700183,0.61406237,1.4216719,0.80777013,1.2762696,0.5910411,-0.10164552,1.3142483,1.8078152,1.6833781,-0.8931318,0.25111187,0.5521711,0.2278006,-0.1968692,0.12095043,1.0445995,-2.0076344,0.6506319
007518,0.0,0.0,0.0,0.0,0.0,0.0,1.0,0.0,0.0,0.0,0.0,0.0,0.0,0.0,0.0,0.0,0.0,0.0,0.0,0.0,0.8509834,0.30035698,0.97567713,1.6200829,0.64613736,1.460928,0.7210225,0.24463148,1.7266355,1.8249285,2.6234126,-0.762613,0.68147963,0.3393585,0.845706,0.76582706,0.0025749803,1.5555215,-3.4017832,0.94685996
007554,0.0,0.0,0.0,0.0,0.0,0.0,0.0,0.0,0.0,1.0,0.0,0.0,0.0,0.0,1.0,0.0,0.0,0.0,0.0,0.0,-0.41890043,-0.2347945,0.4835785,0.8339705,0.95901424,0.23363113,1.1569909,-0.22255197,1.5644796,-2.2190459,2.6085167,-0.76093084,0.22143704,0.19955875,0.99236286,0.1391162,-2.2584567,2.153194,-3.6547313,-0.46068168
007584,0.0,0.0,0.0,0.0,0.0,0.0,0.0,0.0,0.0,0.0,0.0,0.0,0.0,0.0,1.0,0.0,0.0,0.0,0.0,0.0,2.5302603,1.6307993,2.3681192,3.8561888,0.46067527,3.9771585,1.6269749,0.41526517,3.8311157,0.5681119,4.144843,-1.8635548,1.4690906,0.9910027,1.1890202,-0.8390672,-1.6105738,3.4519572,-3.7361708,1.8497125
007610,0.0,1.0,0.0,0.0,0.0,0.0,0.0,0.0,0.0,0.0,0.0,0.0,0.0,0.0,1.0,0.0,0.0,0.0,0.0,0.0,-1.3007498,-3.024087,0.964738,0.898715,-1.2294619,-2.1422863,0.6520206,-3.6869678,0.7199619,-5.006661,1.1715368,-0.961461,-2.6155784,-0.13750654,-1.4351127,1.0432187,-5.841824,0.10950172,-5.73246,-0.8208992
007643,0.0,0.0,0.0,0.0,0.0,0.0,0.0,0.0,0.0,0.0,0.0,0.0,0.0,0.0,0.0,1.0,0.0,0.0,0.0,0.0,-0.7300885,-0.67022586,0.44207996,0.6888675,0.4492479,0.5674548,1.0058956,-0.61717844,1.0720241,1.4719573,1.2794447,-0.8663335,-0.6986657,0.4726292,-0.46694875,-0.1581721,-1.1300035,1.2792487,-3.338853,-0.027023911
007684,0.0,0.0,0.0,0.0,0.0,0.0,0.0,0.0,1.0,0.0,1.0,0.0,0.0,0.0,0.0,0.0,0.0,0.0,0.0,0.0,1.966035,-0.012147099,1.6100531,1.7338107,0.72645503,1.4319513,0.8199634,0.095217705,1.4774156,0.6212558,1.7621984,-0.73388636,0.11150815,0.7332408,0.32116526,0.20064384,-0.2646165,2.3707051,-3.7348216,1.2033727
007716,0.0,0.0,0.0,0.0,0.0,0.0,0.0,0.0,0.0,0.0,0.0,1.0,0.0,0.0,0.0,0.0,0.0,0.0,0.0,0.0,0.6120021,0.24387383,0.9971538,0.4834215,0.8362141,1.2658529,1.1340559,-0.6948822,1.3637292,2.141117,2.4122798,-0.4683696,0.8870317,0.53961647,0.9182388,0.35631388,0.14574188,1.007372,-2.9215965,0.8905121
007750,0.0,0.0,0.0,0.0,0.0,0.0,0.0,0.0,0.0,0.0,0.0,0.0,1.0,0.0,1.0,0.0,0.0,0.0,0.0,0.0,-1.1465904,-2.0435288,-0.37248254,-1.1955761,0.49048716,-1.5943778,0.2694363,0.7245554,-0.40486038,-1.0982442,0.84716475,0.24596876,-1.0069269,-0.70201606,-0.61474985,0.6596182,-1.665849,-0.11851731,-3.2689736,-0.5851593
007783,0.0,0.0,0.0,0.0,1.0,0.0,0.0,0.0,0.0,0.0,0.0,0.0,0.0,1.0,1.0,0.0,0.0,0.0,0.0,0.0,1.1113396,0.4242048,1.9686468,2.1503105,0.52989346,1.8797911,1.3372879,0.5939262,1.887866,3.2215083,2.4306607,-0.8078966,0.91204727,0.82167256,0.7073811,0.869127,0.33876994,1.169273,-2.903892,1.3832037
007807,0.0,0.0,0.0,0.0,0.0,0.0,1.0,0.0,0.0,0.0,0.0,0.0,0.0,0.0,0.0,0.0,0.0,0.0,0.0,0.0,0.29584002,-0.77670115,2.2438183,1.4952905,-0.08711693,1.1887671,0.45720738,2.281089,1.4350967,5.183381,2.5781827,-0.054115262,0.763071,0.029893719,0.9910049,-0.053945005,0.65115607,1.0408224,-3.3071196,0.92320067
007839,0.0,0.0,0.0,0.0,0.0,0.0,1.0,0.0,0.0,0.0,0.0,0.0,0.0,0.0,0.0,1.0,0.0,0.0,0.0,0.0,0.29987606,-0.45849428,1.334969,1.3943682,0.055813134,0.78509045,0.5625357,0.4345106,0.55078375,3.4029415,1.4972353,-0.4429231,0.86638737,0.113780774,0.5688665,0.30532667,0.43288416,0.28073233,-1.5623745,0.60113287
007871,0.0,0.0,0.0,0.0,0.0,0.0,0.0,0.0,0.0,0.0,0.0,0.0,0.0,0.0,1.0,0.0,0.0,0.0,0.0,0.0,-0.5767605,-1.3486183,0.5745066,0.943701,0.277621,0.11769873,0.014370784,-0.2335986,1.7466723,-0.40781075,2.2968688,-0.882507,-0.48796612,-0.18473825,-0.0120368,0.39839786,-1.4083986,0.6086555,-3.8861651,1.4579654
007904,0.0,0.0,0.0,0.0,0.0,0.0,0.0,0.0,0.0,0.0,0.0,0.0,0.0,0.0,1.0,0.0,0.0,0.0,0.0,0.0,0.7464409,-0.3371389,0.20808166,0.33090836,1.1922152,1.5741489,1.4871666,-1.5839517,2.3087988,-1.7272149,2.7623882,-1.0348649,-0.23219395,0.8921584,0.3478715,-0.4020932,-2.12169,1.8418272,-4.431607,1.064621
007942,0.0,0.0,0.0,0.0,0.0,0.0,0.0,0.0,0.0,0.0,0.0,0.0,1.0,0.0,1.0,0.0,0.0,0.0,0.0,0.0,0.06663108,-0.8647874,-0.4970455,0.7481486,0.02354747,0.24899304,0.7853231,-1.1211644,0.43442902,-2.7421463,1.8823444,-0.4476967,-0.18456285,-0.06760776,-0.4681139,0.073505044,-1.1545556,1.2650936,-3.8818533,0.7210655
007972,0.0,0.0,0.0,0.0,0.0,0.0,0.0,0.0,0.0,0.0,0.0,0.0,1.0,0.0,1.0,0.0,0.0,0.0,0.0,0.0,-0.24966863,-1.4600182,0.47642523,-0.1449303,-0.46894163,-0.18012151,0.9470016,-0.19977131,0.1870059,-0.06919807,0.6045271,-0.19444224,-0.40882674,-0.23738045,-0.44882092,0.6646619,-0.93125546,0.034391195,-3.0494153,0.0144225955
007995,1.0,0.0,0.0,0.0,0.0,0.0,0.0,0.0,0.0,0.0,0.0,0.0,0.0,0.0,0.0,0.0,0.0,0.0,0.0,0.0,-0.16413493,-0.7653717,-0.29314,-0.5551336,-0.8983439,-0.16143498,0.37858,0.6988078,0.2487084,1.7886997,0.8210853,0.08194059,-0.06615934,-0.18134302,-0.50185776,1.1764495,-0.22641748,0.13545711,-1.5723691,0.17557809
008027,0.0,0.0,0.0,0.0,0.0,0.0,0.0,0.0,0.0,0.0,0.0,0.0,1.0,0.0,1.0,0.0,0.0,0.0,0.0,0.0,0.42173228,-1.0852473,0.8953968,0.24999999,0.1886307,0.5461644,0.7902278,0.75230634,1.2922604,0.31658623,1.3779215,-0.30992603,-0.012968481,-0.0069103464,-0.19459373,0.29405233,-1.159271,1.0241439,-3.27381,0.8155514
008058,0.0,0.0,0.0,0.0,0.0,0.0,0.0,0.0,0.0,0.0,0.0,0.0,0.0,0.0,1.0,0.0,0.0,0.0,0.0,0.0,0.34667104,-0.616089,0.2434549,0.41026384,-0.4224106,0.10666996,0.44493073,0.35005045,1.0407565,-1.0395876,1.9613452,-0.8712591,0.15725219,-0.10599856,0.0066857636,0.75737846,-0.9771136,1.056977,-2.8914483,-0.060168386
008094,0.0,0.0,0.0,0.0,1.0,0.0,0.0,0.0,0.0,0.0,0.0,0.0,0.0,0.0,1.0,0.0,0.0,0.0,0.0,0.0,-1.2696879,-1.688983,0.09903723,0.187231,0.8660354,-0.13389182,-0.015323281,-1.1281445,1.1553001,-1.4631464,1.4732122,-0.73740625,-1.126916,-0.49411815,-0.30073214,-0.5415064,-1.785559,0.35701704,-2.6556535,0.1938718
008128,0.0,1.0,0.0,0.0,0.0,0.0,0.0,0.0,0.0,0.0,0.0,0.0,0.0,0.0,1.0,0.0,0.0,0.0,0.0,0.0,0.41669145,-0.62045574,0.6347826,1.1877351,1.1325927,1.1630938,0.69112945,0.87538123,1.6788676,1.8666079,2.8420086,-0.6716638,0.70124245,-0.024691567,0.5883236,0.5764133,-1.0947634,1.8093543,-3.3002965,0.436983
008155,0.0,0.0,0.0,0.0,0.0,0.0,0.0,0.0,0.0,0.0,0.0,0.0,0.0,0.0,0.0,1.0,0.0,1.0,0.0,0.0,0.019095927,-0.34539965,-0.35793418,1.036646,0.6446721,0.12727088,0.67842853,0.4508732,0.765262,-0.17216972,1.0941322,-0.4748755,-0.42477104,0.014840931,-0.4476803,-0.0486131,-3.0759592,0.5027987,-3.1381395,0.53679734
008184,0.0,0.0,0.0,0.0,0.0,0.0,0.0,0.0,1.0,0.0,0.0,0.0,0.0,0.0,0.0,0.0,0.0,0.0,0.0,0.0,1.4568765,0.4438714,1.2706573,1.9861137,1.1899745,2.28384,0.9134792,1.3868169,2.279882,2.3909488,2.9859037,-0.8691713,1.6505327,0.5272298,1.6026307,0.19670469,0.645239,2.7044866,-3.733766,1.1815722
008215,0.0,0.0,0.0,0.0,0.0,0.0,1.0,0.0,0.0,0.0,0.0,0.0,0.0,0.0,1.0,0.0,1.0,0.0,0.0,0.0,-0.29583502,-1.823975,0.3063623,-0.26323688,1.225968,-1.4449722,0.79195726,-0.29625568,0.20895284,-3.4080544,0.81026685,-0.61865777,-0.3837319,-0.40775776,-1.8872745,1.6116287,-2.3194532,-0.38653556,-4.009822,-1.4990138
008245,0.0,0.0,0.0,0.0,0.0,0.0,0.0,0.0,1.0,0.0,1.0,0.0,0.0,0.0,1.0,1.0,0.0,0.0,0.0,0.0,-0.17069465,-0.09634048,-0.4476484,1.082243,-0.44481367,0.1658318,0.6089426,0.2562283,0.823049,0.020047367,1.8572216,-1.4105374,0.63524294,0.48067108,-0.35423982,-0.37270778,-2.7375965,1.8023236,-3.712146,0.10924423
008276,0.0,0.0,0.0,0.0,0.0,0.0,1.0,0.0,0.0,0.0,0.0,0.0,0.0,0.0,1.0,0.0,0.0,0.0,0.0,0.0,0.20260239,-0.7964214,0.96666855,1.8626599,-0.24415755,0.7171401,0.7814875,-0.78369844,1.727146,-0.9944482,1.6666095,-1.139128,-0.2424166,0.12543926,-0.5767527,0.7727561,-1.5964534,1.4857931,-3.79687,-0.04918614
008314,0.0,0.0,0.0,0.0,0.0,0.0,0.0,0.0,0.0,0.0,0.0,0.0,1.0,0.0,1.0,0.0,0.0,0.0,0.0,0.0,0.99113035,-0.19067383,1.6820223,1.5149649,0.042432398,1.7263072,1.4565116,0.074869126,1.9328241,1.7221625,2.363195,-0.59310746,0.22156098,0.30830207,0.56018615,0.097827315,-0.132983,1.9032148,-3.898961,1.0257815
008350,0.0,0.0,0.0,0.0,0.0,0.0,0.0,0.0,0.0,0.0,0.0,0.0,0.0,0.0,1.0,0.0,0.0,0.0,0.0,0.0,1.8521388,1.1579882,1.578484,3.0305734,0.19766654,2.7733078,1.4696757,-0.95307314,1.7538806,-0.3386386,1.3463838,-1.0758609,0.88908625,1.1139504,0.5196467,1.2278924,-0.936322,1.3209492,-2.7932298,0.21540979
008377,0.0,0.0,0.0,0.0,0.0,0.0,0.0,0.0,0.0,0.0,0.0,0.0,0.0,0.0,1.0,0.0,0.0,0.0,0.0,0.0,0.10340124,-0.16140777,0.996707,2.4027457,-0.23530686,0.90818524,0.68408346,0.041914158,1.2041078,2.1607592,1.7536066,-0.5579814,0.08146585,0.22680074,-0.5819702,-0.0783546,0.11499268,1.5634804,-3.2822027,0.6954706
008404,0.0,0.0,0.0,0.0,0.0,0.0,0.0,0.0,0.0,0.0,0.0,0.0,0.0,0.0,0.0,0.0,0.0,0.0,0.0,1.0,0.51987743,-0.15777385,2.1238875,2.0136852,1.0783817,2.0072367,1.1565106,2.010098,1.129322,4.8591957,2.0324845,-0.5886882,0.37609032,0.62604547,0.22308531,0.55560637,0.49711668,1.0387161,-3.9155216,1.5258057
008435,0.0,0.0,0.0,0.0,0.0,0.0,0.0,0.0,0.0,0.0,0.0,0.0,0.0,0.0,0.0,0.0,0.0,0.0,1.0,0.0,1.1701066,1.049544,0.67638886,1.527003,0.27121785,1.4536972,0.5666661,-0.08361888,1.130157,0.5820115,1.7725892,-0.5243307,0.5661806,0.5163306,0.52214277,0.17167598,0.19428557,1.3135345,-2.0147307,0.7861935
008469,0.0,0.0,0.0,0.0,0.0,0.0,0.0,0.0,0.0,0.0,0.0,0.0,0.0,0.0,1.0,0.0,0.0,0.0,0.0,0.0,0.7023596,-0.16420221,0.6244626,0.7184393,0.7228004,1.0022066,1.071318,0.82388026,1.8925161,0.9948663,1.7024653,-0.8439415,0.400472,0.64689803,-0.054041803,0.06366715,-1.5255721,1.1754164,-3.1996527,-0.10128367
008497,0.0,0.0,0.0,0.0,0.0,0.0,0.0,1.0,0.0,0.0,0.0,0.0,0.0,0.0,0.0,0.0,0.0,0.0,0.0,0.0,-0.97652304,-1.0211315,-0.30487227,0.44822603,1.2371978,-0.1642474,0.5036272,-0.4527542,0.72406244,-1.4623755,1.511009,-0.8471424,-0.6801346,0.2006644,-0.61937344,1.2427442,-2.5506,1.1617308,-3.820219,-0.26541096
008532,0.0,0.0,0.0,0.0,0.0,0.0,0.0,0.0,0.0,0.0,0.0,1.0,0.0,0.0,0.0,0.0,0.0,0.0,0.0,0.0,0.2982608,-0.42829347,1.3463318,2.2741096,1.3415003,2.1108625,0.9902399,-0.47172093,1.6508172,2.084539,2.519438,-0.6073849,1.2605778,0.41423896,0.2749099,-0.87093186,-0.43509334,2.1183286,-4.345999,1.44996
008561,0.0,0.0,0.0,0.0,0.0,0.0,0.0,0.0,0.0,0.0,0.0,0.0,0.0,0.0,0.0,0.0,0.0,0.0,0.0,1.0,-0.091884315,-1.0914415,0.66975003,0.36238143,0.6068333,0.33278614,0.42327845,0.77287394,0.4107936,1.865869,0.670223,-0.31219012,-0.11913583,-0.020275615,-0.09250718,0.55061805,-0.4636885,-0.258788,-2.1827917,0.095259175
008590,0.0,0.0,1.0,1.0,0.0,0.0,0.0,0.0,0.0,0.0,0.0,0.0,0.0,0.0,0.0,0.0,0.0,0.0,0.0,0.0,0.5761933,-0.080417365,0.17221498,0.13784954,0.05231008,0.0092865825,0.6422982,-0.48694184,0.8933868,-0.04001139,1.1457404,-0.09639134,0.016327336,0.2529083,-0.3760098,-0.18873799,-0.26261485,1.1872605,-2.5633492,-0.17603034
008622,0.0,0.0,0.0,0.0,0.0,0.0,1.0,0.0,0.0,0.0,0.0,0.0,0.0,0.0,0.0,0.0,0.0,0.0,0.0,0.0,0.8872408,1.5576447,3.6868575,4.7035885,-0.120218515,4.197402,1.0421791,3.926878,3.62916,6.6160474,5.437945,-0.60802764,2.641882,0.9278435,2.2099807,-0.33407322,1.3787298,3.8399975,-4.3484063,2.6478121
008648,0.0,0.0,0.0,0.0,0.0,0.0,0.0,0.0,0.0,0.0,0.0,0.0,0.0,1.0,1.0,0.0,0.0,0.0,0.0,0.0,-0.1722569,-0.45033252,1.0983996,2.8057256,0.5233642,0.3146929,0.8601644,1.3506202,1.2112192,0.6226371,2.3310533,-0.31790712,1.2413257,0.25497347,0.45800388,1.4629084,-0.7646588,0.42769063,-4.1239395,0.50142354
008671,0.0,0.0,0.0,0.0,0.0,0.0,0.0,0.0,1.0,0.0,0.0,0.0,0.0,0.0,0.0,0.0,0.0,1.0,0.0,0.0,0.50622386,-0.50263166,0.07736617,0.886125,0.9642346,0.049099267,0.2896172,1.7260273,0.5045935,1.3633428,1.5391494,-0.0020028874,0.56433475,0.10139854,0.13387832,1.2390838,-0.7585736,0.8308988,-2.9243934,0.39755896
008696,0.0,0.0,0.0,0.0,0.0,0.0,0.0,0.0,0.0,0.0,0.0,0.0,0.0,0.0,0.0,0.0,0.0,0.0,1.0,0.0,1.4144704,1.0935752,0.9294173,2.255042,0.50277925,2.0157049,0.6118609,0.30386078,1.2261457,0.42119375,2.1835213,-0.63831294,1.0203557,0.7846159,0.5067255,-0.28204286,-0.05171728,1.652914,-2.1355083,1.3474234
008729,0.0,0.0,0.0,0.0,0.0,0.0,0.0,0.0,1.0,0.0,0.0,0.0,0.0,0.0,0.0,0.0,0.0,0.0,0.0,0.0,-0.50746405,-0.5529259,0.3203739,0.8957128,0.9152937,0.26505548,0.77778345,0.15247022,1.2357783,-0.100643694,1.1285403,-0.99641126,-0.33282453,0.20050085,-0.12080625,0.40897176,-1.4288614,0.8693955,-3.923005,0.8930239
008767,0.0,0.0,0.0,0.0,0.0,0.0,0.0,1.0,0.0,0.0,0.0,0.0,0.0,0.0,0.0,0.0,0.0,0.0,0.0,0.0,0.3728916,-1.2577529,0.57261884,1.2009287,-0.10016361,-0.1122261,0.071230195,0.33226383,0.86632633,0.19880694,1.8203145,0.034793526,0.45306277,0.038629733,0.47409904,-0.77529156,-1.1286988,2.1369808,-3.7289436,1.170078
008797,0.0,0.0,0.0,0.0,0.0,0.0,1.0,0.0,0.0,0.0,0.0,0.0,0.0,0.0,1.0,0.0,0.0,0.0,0.0,0.0,-0.8528073,-0.9610738,0.21224508,-0.05943221,-0.11672413,-0.63335395,0.36862198,0.24926688,0.24904644,-0.30964422,1.1775525,-0.59440494,-0.24272132,-0.4325685,-0.5790478,0.3680933,-1.6711049,-0.43355563,-1.8837646,-0.82064813
008828,0.0,0.0,0.0,0.0,0.0,0.0,1.0,0.0,0.0,0.0,0.0,0.0,0.0,1.0,1.0,0.0,0.0,0.0,0.0,0.0,0.14064759,0.14303608,2.1212122,1.8943017,0.76381594,1.6760273,0.6353852,2.3034096,2.261393,3.0423367,3.0414636,-0.29006416,1.4786438,0.24478072,0.89724374,-0.09514308,0.56951773,1.7042989,-3.8687127,1.1233497
008860,0.0,0.0,0.0,0.0,0.0,0.0,0.0,1.0,0.0,0.0,0.0,0.0,0.0,0.0,0.0,0.0,0.0,0.0,0.0,0.0,-0.3415544,-0.9381217,0.35890317,1.1931127,1.567245,1.3415419,0.8667897,-0.45336163,1.9070603,1.0803525,2.4311707,-1.3701134,-0.039934054,0.05411528,0.09231624,1.123682,-2.8223083,1.8817168,-3.2137938,1.1227331
008895,0.0,1.0,0.0,0.0,0.0,1.0,1.0,0.0,0.0,0.0,0.0,0.0,0.0,0.0,1.0,0.0,0.0,0.0,0.0,0.0,1.6798013,0.03588242,1.6722336,2.9059937,0.88137007,2.953973,0.96252763,0.5185464,2.224907,2.1581275,3.808309,-1.1354114,1.6774266,0.1867833,1.4159012,0.5021789,-0.041950434,2.411973,-3.2444055,2.0177298
008918,0.0,0.0,0.0,0.0,0.0,0.0,0.0,0.0,0.0,0.0,0.0,0.0,0.0,0.0,1.0,0.0,0.0,1.0,0.0,0.0,-0.92690676,-1.3002305,-1.8767374,0.0054822564,-0.6236347,-1.7396111,0.70637316,-1.6656119,0.0004390478,-3.9630666,0.6188891,-0.3739853,-0.9056976,-0.15744,-1.6333724,1.3890948,-3.609007,0.065366805,-3.840031,-1.3063278
008954,0.0,0.0,0.0,0.0,0.0,0.0,0.0,0.0,1.0,0.0,0.0,0.0,0.0,0.0,0.0,0.0,0.0,0.0,0.0,1.0,0.25783062,-0.36595508,0.46098128,0.50199413,0.567921,0.5224545,0.6201289,1.2372022,0.7499201,3.048618,1.1026161,-0.5277209,0.022279635,-0.012453169,0.15150452,0.37677407,-0.6782749,0.21095866,-2.1119585,0.47633463
008994,0.0,0.0,0.0,0.0,0.0,0.0,0.0,0.0,0.0,0.0,0.0,0.0,0.0,1.0,0.0,0.0,0.0,0.0,0.0,0.0,1.5950644,1.8291042,2.952763,2.7269073,0.9189848,2.734589,1.5023507,1.1182116,2.4721894,3.8226078,3.2165658,-0.6816686,1.5745753,1.0323111,1.6519085,0.07762368,0.8822051,2.6187413,-4.267972,2.4785173
009026,0.0,0.0,0.0,1.0,0.0,0.0,0.0,0.0,0.0,0.0,0.0,0.0,0.0,0.0,0.0,0.0,0.0,0.0,0.0,0.0,2.034854,1.9395854,0.88752496,1.8225797,0.42581078,2.180534,1.3208345,-0.53837717,2.0413232,1.8430994,2.276768,-0.71866906,1.5408998,1.1002296,0.74841106,-0.7149343,0.93891895,2.1939445,-2.7733657,0.89680356
009056,0.0,0.0,0.0,0.0,0.0,0.0,0.0,0.0,1.0,0.0,0.0,0.0,0.0,0.0,0.0,0.0,0.0,0.0,0.0,0.0,1.9694409,1.5056084,1.5290136,2.2758515,0.8968852,2.949739,0.77975225,2.897803,2.2307878,3.2980037,3.174584,-0.44570476,2.4723542,0.92456603,1.5157444,-0.07727638,0.90972567,2.8856604,-3.6728487,2.1335742
009084,0.0,0.0,0.0,0.0,0.0,0.0,0.0,0.0,1.0,0.0,0.0,1.0,0.0,1.0,1.0,0.0,0.0,0.0,0.0,0.0,1.2823169,0.24785513,2.485699,3.4593396,0.6860322,3.654299,1.2436101,0.99217385,2.5508127,3.072733,3.1464617,-1.187779,1.5153128,0.63613737,1.3035405,0.65910506,0.4329036,1.8977301,-3.9587414,2.5234802
009115,0.0,1.0,0.0,0.0,0.0,0.0,0.0,0.0,0.0,0.0,0.0,0.0,0.0,0.0,1.0,0.0,0.0,0.0,0.0,0.0,0.8494518,0.8117808,0.87293434,2.394256,0.1487552,2.9546938,1.2440429,-0.03688991,3.7474432,0.6267412,4.5541234,-1.6006374,1.5245315,0.9820316,1.0250632,-0.77144444,-1.2153196,3.1326232,-4.6871634,1.380296
009143,0.0,0.0,0.0,0.0,0.0,0.0,0.0,0.0,0.0,0.0,0.0,0.0,0.0,0.0,1.0,0.0,0.0,0.0,0.0,1.0,-1.2580653,-2.151362,-0.59464437,-0.95131665,0.19798765,-2.0429392,0.4820261,0.51588154,0.30878407,-3.9074945,0.61711,-0.38630944,-1.6322303,-0.11374642,-1.8600633,1.285718,-3.21603,-0.60778016,-3.999289,-1.2501562
009182,0.0,0.0,0.0,0.0,0.0,0.0,1.0,0.0,0.0,0.0,0.0,0.0,0.0,0.0,0.0,0.0,0.0,0.0,0.0,0.0,-0.30279994,-0.35584626,1.6571949,1.2174749,-0.2963156,0.9409474,0.2121041,1.3349719,1.0037115,4.9806676,1.9156544,-0.18091393,1.0831486,0.050606698,0.43205708,-0.07491061,0.8121855,0.44109246,-2.0386581,0.02481553
009220,0.0,0.0,0.0,0.0,0.0,0.0,0.0,0.0,0.0,0.0,0.0,0.0,0.0,0.0,0.0,0.0,0.0,0.0,1.0,0.0,2.2099378,1.9908696,2.3323977,3.5326314,0.67119443,3.6782875,1.0270334,0.6570154,2.6715605,1.7152965,3.4603715,-0.8172399,1.9788952,0.9570867,1.8479571,0.14562243,1.3416739,2.9209137,-3.4671798,2.0894701
009248,0.0,0.0,0.0,0.0,0.0,0.0,0.0,0.0,0.0,0.0,0.0,0.0,0.0,0.0,1.0,0.0,0.0,0.0,0.0,0.0,-0.808589,-1.3727442,-0.59545034,0.670275,0.50426245,0.19692332,0.61252725,-1.539101,1.3890519,-1.4501774,1.1535714,-0.82007957,-1.1681373,0.30944484,-1.0076897,0.7671806,-2.516598,0.7159905,-3.4223883,0.3248961
009277,0.0,0.0,0.0,0.0,0.0,0.0,0.0,0.0,0.0,0.0,0.0,0.0,0.0,1.0,1.0,0.0,0.0,0.0,0.0,0.0,1.7817247,1.1126373,2.8128855,3.6258528,1.0491773,3.0616622,1.229719,2.0788662,2.1598787,3.7891269,3.3521755,-0.734464,1.5450798,0.95522535,1.1278762,0.87988496,0.6551159,2.0316124,-3.944082,2.7560654
009314,0.0,0.0,0.0,0.0,0.0,1.0,0.0,0.0,0.0,0.0,0.0,0.0,0.0,0.0,1.0,0.0,0.0,0.0,0.0,0.0,1.9408901,-0.10962701,1.9746002,3.5601468,0.36460453,3.225513,1.5112944,0.5114666,3.4893672,0.77568465,4.207805,-1.6263598,0.6523417,0.6862809,1.6185012,0.40368515,-1.1870465,3.2368648,-5.1379437,1.3376683
009352,0.0,0.0,0.0,0.0,0.0,0.0,0.0,1.0,0.0,0.0,0.0,0.0,0.0,0.0,1.0,0.0,0.0,0.0,0.0,0.0,0.4136874,-0.8710469,-1.4400632,0.30465823,0.488715,-0.75694156,0.060949087,0.9291594,0.8401716,-1.6798519,1.7054272,-0.6717237,0.41952986,-0.32465416,-0.12131375,-0.12473005,-1.5094516,0.7084215,-3.2177486,-1.0887105
009380,0.0,0.0,0.0,0.0,0.0,0.0,0.0,0.0,0.0,0.0,0.0,0.0,1.0,0.0,1.0,0.0,0.0,0.0,0.0,0.0,-1.0897168,-2.5014815,-0.7888874,-1.8270677,-0.11613554,-1.6399859,0.69712937,-0.7294446,-9.87649e-05,-2.6108346,0.49776176,0.15190968,-1.9388428,-0.15735123,-1.4426414,0.6028111,-3.395878,-0.3352273,-4.317229,-0.4776128
009415,0.0,0.0,0.0,0.0,0.0,0.0,0.0,0.0,0.0,0.0,0.0,0.0,0.0,0.0,1.0,0.0,0.0,0.0,0.0,0.0,-0.25426957,-1.3223891,1.4581134,-0.15500104,0.57247686,-0.27090245,0.122598365,-1.3802373,1.278796,-2.4672508,1.0494967,-0.938934,-1.330548,-0.15114158,-1.1878115,0.4846838,-1.6956275,0.7378674,-3.528191,-0.5720027
009450,0.0,0.0,0.0,0.0,0.0,0.0,0.0,0.0,0.0,1.0,0.0,0.0,0.0,0.0,0.0,0.0,0.0,0.0,0.0,0.0,-0.47816327,-0.4121639,0.2819554,-0.0362899,-0.28864872,-0.64375067,0.513479,-0.44369268,0.5737748,-1.4074564,0.5860068,-0.64114094,-0.24948375,0.04861001,-0.045141727,0.4347606,-0.89772093,0.17327541,-1.8550661,-0.45755076
009489,0.0,0.0,0.0,0.0,0.0,0.0,0.0,1.0,0.0,0.0,0.0,0.0,0.0,0.0,0.0,0.0,0.0,0.0,0.0,0.0,0.7582263,-0.969548,0.23950446,0.25596106,0.69601655,0.91113156,0.9371283,-0.8017588,1.3613443,-1.1076214,2.2857382,-0.67248756,-0.35455683,0.28611192,0.46972042,1.2739038,-2.3080897,2.046635,-2.915926,-0.34751558
009525,0.0,0.0,0.0,0.0,0.0,0.0,0.0,0.0,0.0,0.0,0.0,0.0,1.0,0.0,1.0,0.0,0.0,0.0,0.0,0.0,0.75922704,-0.67441493,1.0786263,1.2844571,-0.06410499,1.2370497,1.0791955,-0.69411653,0.9548683,-0.11203563,1.794446,-0.41553533,0.4524318,0.0465675,0.6144557,0.24902761,-0.64878786,1.0322721,-3.315223,0.5644301
009559,0.0,1.0,0.0,0.0,0.0,0.0,0.0,0.0,0.0,0.0,0.0,0.0,0.0,0.0,1.0,0.0,0.0,0.0,0.0,0.0,2.820762,2.1201959,2.570624,3.2934215,1.4709822,3.9376738,1.510361,0.03853166,3.3598714,4.4301586,4.840258,-1.6528815,2.665851,0.8801157,2.152783,0.5013096,0.4608686,3.5935836,-4.5780783,2.4012625
009593,0.0,0.0,0.0,0.0,0.0,0.0,1.0,0.0,0.0,0.0,0.0,0.0,0.0,0.0,1.0,0.0,0.0,0.0,0.0,0.0,-0.71319944,-1.6714551,-0.023281693,-1.4814297,-0.1999141,-1.1210188,0.5869029,0.9401556,-0.27448016,4.2797713,0.83808523,-0.1596139,0.01673156,-0.11616498,-0.15827166,0.6089553,-1.0812682,-0.19192642,-2.3913045,-0.6451702
009626,0.0,0.0,0.0,0.0,1.0,0.0,0.0,0.0,0.0,0.0,0.0,0.0,0.0,0.0,1.0,0.0,0.0,1.0,0.0,0.0,1.1930941,-0.41151857,1.6182714,2.737597,0.82057333,1.8984443,0.31375837,-1.2042685,2.9111063,-1.2123957,2.8326497,-0.9834435,-0.037730247,0.40143856,0.4037753,-0.5487815,-1.3574045,2.4410894,-4.3825383,1.2358869
009653,0.0,0.0,0.0,0.0,0.0,0.0,0.0,0.0,0.0,0.0,0.0,0.0,0.0,0.0,1.0,0.0,0.0,0.0,0.0,0.0,-0.59052825,-0.48284268,-0.76376235,0.1720022,0.42356908,-1.1034817,0.66748226,-1.1806564,0.15081155,-1.8109193,0.88855153,-0.57155234,-1.3242557,-0.053644,-1.3219705,0.18577152,-3.2025409,-0.09974706,-3.5979967,-1.2517598
009688,0.0,0.0,0.0,0.0,0.0,0.0,1.0,0.0,0.0,0.0,0.0,0.0,0.0,0.0,0.0,0.0,0.0,0.0,0.0,0.0,-0.65097487,-0.5089014,0.41911948,0.6662154,-0.104922235,-0.4024042,0.87594444,0.7965182,0.21492231,-0.3133353,0.91299504,-0.54240793,-0.083165124,-0.15730461,-0.20820346,0.3906578,-1.279012,-0.0044846535,-2.2486324,0.22898087
009725,0.0,1.0,0.0,0.0,0.0,0.0,0.0,0.0,0.0,0.0,0.0,0.0,0.0,0.0,0.0,0.0,0.0,0.0,0.0,0.0,1.7421741,1.5409482,1.7219391,2.4948945,1.1381164,2.7566957,0.90315527,1.1761192,2.4912505,2.7196407,3.5220928,-1.0654405,1.8462615,0.46125403,1.6255896,0.44226912,-0.18612832,2.7092593,-3.324056,1.4435918
009759,0.0,0.0,1.0,0.0,0.0,0.0,0.0,0.0,0.0,0.0,0.0,0.0,0.0,0.0,0.0,0.0,0.0,0.0,0.0,0.0,0.5131666,0.44398174,1.3192986,2.0856903,-0.029126465,1.9605031,0.6898796,-0.095065966,1.742945,1.2811309,1.6043141,-0.7423616,0.5117301,0.7101086,0.6151316,-0.18449478,0.35696155,1.6058387,-3.3031356,1.1880281
009788,0.0,1.0,0.0,0.0,0.0,0.0,0.0,0.0,0.0,0.0,0.0,0.0,0.0,0.0,0.0,0.0,0.0,0.0,0.0,1.0,1.3117678,0.35599157,1.3241321,3.1249242,1.0374101,2.5366373,0.8559483,0.5014671,2.3106923,1.893143,2.8339071,-0.88391256,1.1819619,0.39187682,0.620805,0.17677489,-0.72052544,2.0445583,-3.0371957,1.493314
009820,0.0,0.0,0.0,0.0,0.0,0.0,0.0,1.0,0.0,0.0,0.0,0.0,0.0,0.0,0.0,0.0,0.0,0.0,0.0,0.0,-1.3085922,-2.0013814,-0.6889092,-1.6299717,-0.6871509,-2.3397653,0.11127335,-0.32552147,-0.9811624,-2.9300506,0.18003178,-0.4569852,-1.0045502,-0.10493751,-0.89538455,0.79158366,-2.2386956,-0.624994,-3.3208194,-1.6873629
009853,0.0,0.0,0.0,0.0,0.0,0.0,0.0,0.0,1.0,0.0,1.0,0.0,0.0,0.0,1.0,0.0,0.0,0.0,0.0,0.0,-1.1693106,-0.98789316,0.26435024,-0.044151008,0.29891264,-0.5293203,0.8107022,-1.2160814,0.4947952,-3.8134642,1.8962027,-1.0507325,-1.3779483,0.368662,-0.48930925,-0.6763454,-4.044941,-0.3019636,-4.181032,-0.16508645
009891,0.0,0.0,0.0,0.0,1.0,0.0,0.0,0.0,0.0,0.0,0.0,0.0,0.0,0.0,0.0,0.0,0.0,0.0,0.0,0.0,-0.43872735,-1.1591899,0.18020804,0.9925479,0.40940213,-0.3314321,0.88371605,0.9761777,1.39378,2.9346747,0.978567,-1.2882532,-0.5351521,0.40888518,-0.20895457,1.3481431,-0.7008313,-0.017086089,-4.0623183,-0.5131787
009921,0.0,0.0,0.0,0.0,0.0,0.0,0.0,0.0,0.0,0.0,0.0,0.0,0.0,0.0,0.0,0.0,0.0,0.0,1.0,0.0,0.9123658,-0.37132496,1.0370262,1.2184086,0.57623374,1.0561281,0.7824567,-0.5691693,1.861083,-0.80686045,2.9549193,-0.5563262,0.2770092,-0.09669306,1.271634,-0.14271891,-0.68171984,1.8365673,-3.6474268,1.1963968
009951,0.0,0.0,0.0,0.0,0.0,0.0,0.0,0.0,0.0,0.0,0.0,0.0,0.0,0.0,1.0,0.0,0.0,0.0,1.0,0.0,2.3626618,2.347144,2.8561914,3.6210356,0.52660406,3.8524442,1.0193899,0.8038002,2.7407541,2.8794165,4.333259,-0.7699884,2.1007931,1.239272,1.5516422,0.37960696,1.6216078,2.9686842,-3.5433335,2.6881993
